Unique Id,Price
11001,379042.22
11002,996402.75
11003,1475035.1
11004,2365150.8
11005,3008639.8
11006,2651469.5
11007,3289535.8
11008,2586269.5
11009,340534.44
11010,1298821.4
11011,3190474.8
11012,1463537.0
11013,1585119.2
11014,1916760.8
11015,720075.4
11016,1016160.0
11017,2304954.8
11018,279495.88
11019,648601.06
11020,449498.0
11021,218677.4
11022,724793.56
11023,345638.97
11024,476479.16
11025,1433089.2
11026,3540515.2
11027,1044570.2
11028,450776.9
11029,942985.56
11030,1454827.5
11031,638366.25
11032,590516.1
11033,1166779.2
11034,1319576.2
11035,787019.25
11036,331406.03
11037,656902.6
11038,894179.5
11039,1058387.9
11040,654503.56
11041,2133999.5
11042,288514.9
11043,987732.75
11044,278167.6
11045,680034.1
11046,661628.6
11047,1213183.8
11048,691785.5
11049,1901696.4
11050,1339541.9
11051,337283.0
11052,733097.7
11053,2098717.0
11054,904705.1
11055,125350.59
11056,1642299.2
11057,447306.1
11058,1363774.8
11059,371786.06
11060,1033803.4
11061,186017.7
11062,861657.94
11063,1885635.9
11064,536628.94
11065,702373.25
11066,278049.25
11067,2671989.8
11068,999105.2
11069,667331.6
11070,1558689.9
11071,1518382.5
11072,2284692.5
11073,623839.56
11074,1777868.9
11075,840577.6
11076,748404.75
11077,348330.8
11078,947313.3
11079,888498.94
11080,2714368.8
11081,301609.72
11082,488491.5
11083,1110468.0
11084,923626.6
11085,420170.62
11086,129784.99
11087,584349.3
11088,202878.2
11089,946385.9
11090,647452.4
11091,2175782.5
11092,2566739.2
11093,172058.77
11094,3062714.0
11095,588565.6
11096,447506.34
11097,718768.8
11098,1000710.1
11099,1550644.6
11100,2375084.2
11101,920271.94
11102,842465.9
11103,383733.25
11104,1043400.3
11105,422171.03
11106,773653.25
11107,3755838.0
11108,443363.0
11109,1779745.2
11110,188964.5
11111,393798.12
11112,226187.69
11113,1644772.8
11114,5152513.5
11115,449329.03
11116,126527.3
11117,445032.94
11118,405772.28
11119,1880292.0
11120,976622.7
11121,1666323.6
11122,667805.56
11123,279350.84
11124,1695994.0
11125,799669.9
11126,303890.62
11127,662850.7
11128,642596.3
11129,1877760.6
11130,2355067.8
11131,698743.2
11132,823539.6
11133,332308.75
11134,2747764.2
11135,928612.25
11136,289288.56
11137,371236.88
11138,1005967.56
11139,463750.62
11140,3018357.0
11141,1617728.5
11142,1262165.8
11143,790796.8
11144,2062627.8
11145,624871.4
11146,1043288.0
11147,1045783.3
11148,1371273.8
11149,1067892.6
11150,905725.2
11151,888604.56
11152,1412245.4
11153,3262214.2
11154,1642038.0
11155,1503094.0
11156,966284.56
11157,190808.05
11158,1016160.0
11159,865281.06
11160,773653.25
11161,617070.1
11162,1329558.2
11163,694209.0
11164,1397048.9
11165,1027842.75
11166,2584064.8
11167,235080.6
11168,1001940.25
11169,954469.75
11170,604628.3
11171,1624722.2
11172,1099121.9
11173,906990.7
11174,1791863.2
11175,498384.9
11176,845731.75
11177,547112.56
11178,2618205.8
11179,1101691.9
11180,1188342.5
11181,592433.3
11182,1885403.1
11183,890897.8
11184,342367.84
11185,508364.75
11186,1507949.6
11187,199956.78
11188,724326.3
11189,619410.9
11190,715586.5
11191,872607.75
11192,991079.44
11193,1926825.5
11194,920941.7
11195,460131.97
11196,500398.47
11197,726204.5
11198,3407342.0
11199,441715.78
11200,474476.47
11201,559583.06
11202,848425.06
11203,1487901.4
11204,1178308.0
11205,510717.88
11206,780529.56
11207,1396130.4
11208,1189536.5
11209,761338.1
11210,765903.0
11211,1491472.9
11212,535410.1
11213,1687566.1
11214,1510083.4
11215,415250.3
11216,1637029.2
11217,1401261.8
11218,347477.34
11219,329264.4
11220,362841.0
11221,2000479.0
11222,906080.75
11223,949258.2
11224,620651.0
11225,374488.75
11226,403610.62
11227,545362.56
11228,2320066.0
11229,1133467.4
11230,1093031.5
11231,1703301.9
11232,845276.6
11233,971560.0
11234,587763.6
11235,1732323.9
11236,3066236.8
11237,534282.25
11238,317502.7
11239,1467990.2
11240,698904.0
11241,1664852.0
11242,919359.25
11243,930329.3
11244,894706.1
11245,4406518.0
11246,375471.78
11247,1983846.4
11248,1512174.2
11249,186038.28
11250,1315258.8
11251,449493.88
11252,561823.75
11253,1057056.5
11254,485845.9
11255,2013057.9
11256,818579.1
11257,650283.25
11258,1495162.6
11259,365843.2
11260,2070384.8
11261,623313.4
11262,316644.78
11263,1300661.8
11264,763786.44
11265,108800.5
11266,791652.3
11267,409660.9
11268,442900.75
11269,1348020.0
11270,1057518.8
11271,486555.9
11272,753903.2
11273,723636.8
11274,808365.9
11275,1888901.5
11276,324783.88
11277,413497.5
11278,1417997.5
11279,462668.84
11280,808923.2
11281,1595539.1
11282,1548171.0
11283,804309.25
11284,1606559.9
11285,1112768.2
11286,570686.75
11287,628813.06
11288,494995.4
11289,427395.62
11290,178681.16
11291,704040.7
11292,895998.3
11293,2077574.2
11294,1909188.1
11295,660947.6
11296,1015343.6
11297,577616.0
11298,358793.56
11299,1958486.8
11300,358597.66
11301,697278.9
11302,1691357.5
11303,215062.52
11304,1791822.5
11305,1387465.6
11306,1993085.1
11307,119383.25
11308,829166.1
11309,818169.5
11310,964659.6
11311,704040.7
11312,794187.4
11313,514608.22
11314,781817.94
11315,575039.25
11316,954581.06
11317,747019.0
11318,872026.0
11319,1780342.4
11320,1537319.0
11321,1200152.1
11322,3719317.5
11323,811239.8
11324,1081725.2
11325,865974.3
11326,1533768.6
11327,242691.34
11328,720053.44
11329,680260.4
11330,712663.2
11331,1045761.6
11332,317025.44
11333,973463.6
11334,1119905.1
11335,2719594.0
11336,1671041.9
11337,560400.75
11338,1460413.4
11339,777531.4
11340,1220745.6
11341,1666672.4
11342,772112.7
11343,888455.6
11344,958884.6
11345,168543.5
11346,3271566.0
11347,382318.66
11348,1680060.6
11349,650898.56
11350,1854897.8
11351,429020.78
11352,413803.75
11353,766591.25
11354,1574630.6
11355,795244.6
11356,854495.9
11357,591952.2
11358,1802891.0
11359,307781.22
11360,832458.5
11361,286345.28
11362,983744.8
11363,2567637.5
11364,104419.75
11365,858129.44
11366,1299818.1
11367,990870.56
11368,983492.7
11369,398534.7
11370,1323818.2
11371,443702.75
11372,2177737.5
11373,1982963.6
11374,577010.8
11375,780441.6
11376,524351.3
11377,1770428.9
11378,1266654.4
11379,1003768.75
11380,101630.17
11381,1465581.0
11382,204579.19
11383,828199.7
11384,714518.44
11385,427192.38
11386,1419508.9
11387,1499528.2
11388,1428766.6
11389,565700.44
11390,1552769.4
11391,844671.0
11392,1061332.8
11393,208220.45
11394,720675.6
11395,782610.06
11396,1087977.5
11397,918010.9
11398,1114583.8
11399,923002.6
11400,599306.94
11401,1983232.8
11402,1168298.2
11403,211841.69
11404,1053772.5
11405,521956.8
11406,733331.1
11407,1335018.4
11408,2074925.2
11409,496157.1
11410,266473.34
11411,1982309.9
11412,1172624.9
11413,1978100.4
11414,619133.9
11415,1708060.6
11416,1536196.4
11417,1344819.4
11418,1373833.1
11419,987819.4
11420,2175691.5
11421,504300.38
11422,203974.4
11423,1085010.9
11424,624114.4
11425,216020.75
11426,564417.5
11427,647847.4
11428,1002211.25
11429,574432.9
11430,712983.1
11431,1358522.9
11432,411903.28
11433,1074099.6
11434,2421891.8
11435,1485235.0
11436,656608.2
11437,935510.8
11438,95653.58
11439,2232371.0
11440,4439018.5
11441,90914.2
11442,1271964.2
11443,1399003.0
11444,342834.34
11445,474290.34
11446,2623088.2
11447,34917.246
11448,691034.8
11449,619966.0
11450,253482.45
11451,966613.56
11452,1627599.9
11453,175992.67
11454,207259.14
11455,1820395.2
11456,156957.78
11457,610056.1
11458,987204.7
11459,648705.7
11460,1569889.5
11461,719395.94
11462,442767.06
11463,593984.6
11464,983955.0
11465,2272245.2
11466,119671.98
11467,813658.9
11468,201702.66
11469,2049113.9
11470,2306521.0
11471,2914473.8
11472,2570486.8
11473,82219.39
11474,1787604.2
11475,618047.56
11476,2032698.8
11477,968402.8
11478,366082.72
11479,1566048.5
11480,1756846.2
11481,352471.38
11482,853494.56
11483,2310655.0
11484,1541918.6
11485,274544.28
11486,1013266.06
11487,579111.0
11488,353590.84
11489,1897380.4
11490,519086.53
11491,834399.25
11492,2000479.0
11493,872907.3
11494,3090363.5
11495,1678655.6
11496,1787314.2
11497,697339.0
11498,246536.5
11499,513445.75
11500,2242651.8
11501,444494.2
11502,1820452.6
11503,563725.06
11504,44937.766
11505,526192.2
11506,798836.7
11507,519173.03
11508,1923495.9
11509,635979.7
11510,1157019.1
11511,940436.56
11512,1946785.0
11513,560400.75
11514,330796.78
11515,129256.05
11516,894305.7
11517,1152727.6
11518,3090414.0
11519,539100.4
11520,745542.0
11521,4263431.0
11522,1287415.4
11523,1133158.6
11524,619234.0
11525,102044.51
11526,733097.7
11527,395056.66
11528,659267.7
11529,1008421.8
11530,852749.44
11531,258202.36
11532,1010660.1
11533,265227.34
11534,209452.02
11535,607535.7
11536,1566576.5
11537,409421.47
11538,627779.1
11539,366817.72
11540,924765.5
11541,658320.25
11542,1724581.1
11543,896270.56
11544,465768.5
11545,192791.06
11546,2946604.0
11547,875709.56
11548,1040546.25
11549,204827.9
11550,802200.0
11551,668107.94
11552,1003801.56
11553,1696251.8
11554,1876465.4
11555,287284.06
11556,449577.75
11557,1737607.6
11558,539383.2
11559,388177.44
11560,1166373.0
11561,302913.97
11562,1464580.6
11563,389344.44
11564,270392.4
11565,449493.88
11566,1032804.1
11567,1805167.9
11568,291656.7
11569,1757834.5
11570,191010.81
11571,587253.75
11572,1964127.1
11573,1143767.0
11574,1699494.2
11575,1348793.0
11576,169005.77
11577,273504.28
11578,2046216.2
11579,544829.7
11580,2912500.2
11581,541122.7
11582,438533.28
11583,1087340.4
11584,647847.4
11585,115829.586
11586,150392.83
11587,310160.22
11588,984880.9
11589,810959.7
11590,1601248.0
11591,413130.66
11592,189218.22
11593,1618652.0
11594,1153439.4
11595,1236059.4
11596,1261021.1
11597,1767328.8
11598,727060.9
11599,751989.25
11600,883617.25
11601,1307184.9
11602,1278017.5
11603,441715.78
11604,92683.57
11605,378985.12
11606,2796070.5
11607,641813.3
11608,1180168.9
11609,1613010.8
11610,850276.8
11611,1760871.5
11612,1200728.2
11613,968674.8
11614,3518648.5
11615,940531.5
11616,852749.44
11617,860488.9
11618,1543012.9
11619,579866.0
11620,691626.5
11621,1655668.9
11622,1651716.0
11623,1300661.8
11624,648705.7
11625,1324430.5
11626,1440392.0
11627,2620734.8
11628,634783.1
11629,780005.7
11630,157181.97
11631,809145.0
11632,648705.7
11633,880818.94
11634,791036.94
11635,1023692.4
11636,240502.94
11637,2123638.5
11638,2110005.5
11639,4515895.0
11640,1501449.9
11641,51460.82
11642,676320.1
11643,478197.94
11644,687106.8
11645,1131797.4
11646,1156899.1
11647,463575.62
11648,895642.1
11649,228199.38
11650,2085882.4
11651,680100.7
11652,1661426.8
11653,436505.78
11654,951826.5
11655,206350.03
11656,171245.2
11657,947309.56
11658,1494839.4
11659,2211748.2
11660,1064526.5
11661,2565918.8
11662,1746956.0
11663,941692.3
11664,1957177.0
11665,447971.5
11666,1532191.1
11667,1195136.2
11668,1896404.1
11669,2598687.0
11670,676576.6
11671,138948.08
11672,333276.8
11673,259702.84
11674,1130339.5
11675,368073.78
11676,192565.53
11677,208648.2
11678,1834061.4
11679,927721.56
11680,2177482.8
11681,520445.84
11682,771698.94
11683,1107786.9
11684,625277.3
11685,626239.06
11686,598276.6
11687,1156799.1
11688,1385764.0
11689,915449.06
11690,917996.56
11691,920594.5
11692,120105.13
11693,704610.7
11694,580211.25
11695,285470.5
11696,1322684.4
11697,3021221.0
11698,446739.12
11699,2081051.0
11700,260222.38
11701,908115.8
11702,1010007.2
11703,3501263.8
11704,1827118.4
11705,607249.25
11706,1985467.4
11707,1209208.0
11708,1824321.8
11709,1909547.4
11710,1105412.2
11711,1049311.0
11712,1583889.4
11713,2796861.8
11714,971709.06
11715,5581782.5
11716,769888.4
11717,3045557.5
11718,592909.9
11719,355588.6
11720,969112.75
11721,2632726.8
11722,792615.9
11723,815886.2
11724,1306380.0
11725,119383.25
11726,1011761.1
11727,804329.8
11728,1328328.8
11729,82407.81
11730,1238463.0
11731,278848.72
11732,916512.7
11733,154071.33
11734,1464513.5
11735,503862.56
11736,162376.17
11737,947783.8
11738,3796616.5
11739,199972.45
11740,923514.2
11741,541599.94
11742,786356.7
11743,2116621.0
11744,1398757.0
11745,2486561.0
11746,1578984.8
11747,218622.1
11748,1549585.2
11749,308695.88
11750,470226.8
11751,1002235.25
11752,851647.75
11753,2210003.2
11754,2267110.5
11755,649168.0
11756,1293296.6
11757,1194726.1
11758,1018767.2
11759,743423.75
11760,392011.0
11761,780054.2
11762,2117231.5
11763,424791.97
11764,697754.6
11765,553055.0
11766,1840087.2
11767,837336.8
11768,2008244.8
11769,770213.6
11770,241155.23
11771,322953.66
11772,153987.22
11773,1877676.1
11774,377404.97
11775,1001772.94
11776,2255606.2
11777,297140.53
11778,1551984.6
11779,1028543.06
11780,594444.9
11781,1391958.8
11782,432074.53
11783,1085995.0
11784,1940974.4
11785,828698.44
11786,1526277.9
11787,1250110.4
11788,2571133.2
11789,421831.44
11790,941692.3
11791,586875.7
11792,764068.25
11793,656608.2
11794,392345.4
11795,1372581.4
11796,122129.7
11797,815700.6
11798,389276.38
11799,1031082.25
11800,140251.52
11801,794969.7
11802,181773.72
11803,1295464.2
11804,1427246.1
11805,640807.5
11806,802672.8
11807,529704.94
11808,1731718.6
11809,909337.75
11810,1420319.4
11811,1476256.6
11812,1059249.4
11813,697005.75
11814,367054.66
11815,1178061.2
11816,606280.44
11817,465625.9
11818,1077648.4
11819,862144.7
11820,1703802.8
11821,2771745.8
11822,1162279.5
11823,2786033.0
11824,1871229.8
11825,2219788.2
11826,1052534.8
11827,1313320.6
11828,553055.0
11829,1062668.2
11830,1377632.2
11831,728819.0
11832,2170257.2
11833,585454.06
11834,358229.28
11835,1512174.2
11836,657728.8
11837,809499.2
11838,711264.75
11839,1761462.9
11840,275006.6
11841,1624632.5
11842,4224241.5
11843,1106475.6
11844,3603049.0
11845,1031250.25
11846,984388.3
11847,2719594.0
11848,1657817.6
11849,441792.16
11850,377861.72
11851,952276.9
11852,979216.8
11853,991414.6
11854,916168.1
11855,1195846.2
11856,427685.4
11857,1467190.6
11858,1400633.2
11859,390832.34
11860,1236518.4
11861,2013249.9
11862,3011106.0
11863,902644.7
11864,377645.3
11865,961543.94
11866,724563.94
11867,904528.1
11868,380104.56
11869,504112.4
11870,1634329.8
11871,2475415.5
11872,2108567.0
11873,518313.62
11874,665149.6
11875,658304.4
11876,3403122.8
11877,1250010.8
11878,1341567.6
11879,730811.3
11880,358060.0
11881,758148.6
11882,259082.0
11883,2001668.4
11884,441576.84
11885,917270.25
11886,796009.7
11887,659803.06
11888,666065.94
11889,616326.75
11890,2723590.2
11891,1240668.8
11892,1274387.1
11893,390759.34
11894,1322098.6
11895,1041855.06
11896,866343.8
11897,848015.94
11898,605583.94
11899,773985.3
11900,1294289.8
11901,2154703.0
11902,652535.8
11903,1886673.1
11904,613292.2
11905,882822.8
11906,2711436.8
11907,717348.2
11908,483416.53
11909,1202643.0
11910,964974.0
11911,2200168.8
11912,532323.0
11913,716925.4
11914,1079138.1
11915,463438.88
11916,1408501.0
11917,525291.6
11918,418167.1
11919,923002.6
11920,1632859.0
11921,557440.6
11922,350579.28
11923,1017223.2
11924,486465.5
11925,999935.75
11926,1009760.94
11927,339949.12
11928,419441.34
11929,1120515.2
11930,339958.25
11931,1944790.5
11932,834725.06
11933,471360.9
11934,623359.4
11935,798941.3
11936,1140251.4
11937,1029319.2
11938,588565.6
11939,633786.3
11940,664033.7
11941,1348330.8
11942,1106868.1
11943,303451.4
11944,2271248.8
11945,1293380.9
11946,653755.44
11947,988065.25
11948,532026.25
11949,434358.47
11950,2600714.2
11951,3728967.0
11952,2597568.0
11953,1179903.6
11954,1255024.2
11955,1236391.2
11956,848445.94
11957,396276.38
11958,919357.7
11959,1001329.7
11960,324068.22
11961,2291953.5
11962,496032.47
11963,218814.92
11964,2256067.5
11965,350193.9
11966,349324.12
11967,1314788.2
11968,2049722.5
11969,1054093.1
11970,89962.64
11971,443227.06
11972,630313.0
11973,1644666.5
11974,1695412.8
11975,461254.28
11976,209425.9
11977,1760871.5
11978,3008639.8
11979,638027.1
11980,1965326.4
11981,2846434.2
11982,346668.8
11983,1878256.1
11984,478504.78
11985,292606.6
11986,2025569.6
11987,807372.25
11988,1359831.6
11989,1551909.8
11990,2840582.8
11991,333998.72
11992,295674.06
11993,808396.4
11994,915883.44
11995,1965129.2
11996,1777232.5
11997,2098918.2
11998,611292.25
11999,2177731.8
12000,176637.0
12001,1248635.9
12002,339584.75
12003,511354.22
12004,998311.3
12005,660947.6
12006,2845116.8
12007,926417.3
12008,75745.71
12009,793771.75
12010,987307.56
12011,3177126.5
12012,583444.06
12013,1485855.1
12014,285632.1
12015,1853177.1
12016,584852.06
12017,2599139.2
12018,524497.2
12019,497217.44
12020,1709304.2
12021,2451990.2
12022,261755.6
12023,4401530.0
12024,1007642.56
12025,1654963.0
12026,511851.56
12027,3838514.2
12028,609852.0
12029,803966.8
12030,412303.2
12031,772173.56
12032,483609.6
12033,450642.03
12034,374275.38
12035,1751421.4
12036,3098896.5
12037,2578790.0
12038,663456.25
12039,1329558.2
12040,816063.8
12041,1817916.9
12042,1218660.8
12043,195979.34
12044,733560.0
12045,759481.6
12046,1931431.9
12047,751220.6
12048,760005.2
12049,659715.8
12050,502568.28
12051,1164725.9
12052,288371.56
12053,2301787.0
12054,2392522.2
12055,2050922.1
12056,538985.0
12057,640537.6
12058,781817.94
12059,167431.52
12060,1055108.6
12061,592620.3
12062,776518.1
12063,457583.78
12064,365665.3
12065,955567.7
12066,88164.95
12067,1197767.9
12068,401908.2
12069,608627.25
12070,1783772.4
12071,1599227.1
12072,1067394.4
12073,788556.25
12074,998115.75
12075,536880.94
12076,1483917.2
12077,3070169.0
12078,267759.47
12079,402518.9
12080,831270.5
12081,1372389.0
12082,564983.4
12083,3948734.0
12084,1865218.2
12085,1343581.6
12086,739035.06
12087,390934.28
12088,431854.88
12089,4804943.5
12090,1657817.6
12091,630313.0
12092,1440242.9
12093,492935.75
12094,929092.9
12095,464261.2
12096,2056445.0
12097,77865.7
12098,5115006.5
12099,2838722.0
12100,727527.3
12101,824335.25
12102,2065502.1
12103,736310.06
12104,182743.5
12105,596953.4
12106,1483917.2
12107,1664989.5
12108,202480.94
12109,1192359.0
12110,661393.7
12111,729746.4
12112,379621.12
12113,400391.38
12114,553893.75
12115,1002697.3
12116,870883.8
12117,3102983.2
12118,1601809.1
12119,907946.25
12120,1407138.2
12121,947649.0
12122,219986.08
12123,877674.1
12124,338701.22
12125,345037.44
12126,750572.06
12127,1774059.5
12128,1581548.0
12129,436487.8
12130,1230204.1
12131,1712903.6
12132,1769070.6
12133,2093685.8
12134,303759.47
12135,1460365.1
12136,1978444.1
12137,679395.2
12138,906990.7
12139,1219488.5
12140,641566.75
12141,1676378.8
12142,1477700.8
12143,2017640.2
12144,320432.0
12145,1064312.4
12146,1776890.8
12147,473083.03
12148,1188652.5
12149,1071812.9
12150,1132837.2
12151,659715.8
12152,387977.47
12153,2376143.2
12154,341261.8
12155,374233.0
12156,869857.2
12157,1333461.0
12158,2626233.5
12159,1231290.2
12160,311543.66
12161,860481.9
12162,375817.25
12163,398448.4
12164,378442.7
12165,748011.25
12166,400148.66
12167,1230667.1
12168,423953.6
12169,1845336.4
12170,1798384.4
12171,558400.94
12172,446381.9
12173,1210777.8
12174,309244.34
12175,179343.48
12176,1503516.6
12177,516510.34
12178,2262304.2
12179,782519.4
12180,1847533.6
12181,1469356.2
12182,833956.2
12183,2014740.8
12184,840127.0
12185,657285.2
12186,2923600.8
12187,1918691.4
12188,542401.4
12189,508040.78
12190,391206.53
12191,2293666.0
12192,373587.97
12193,968429.6
12194,1507949.6
12195,2732415.5
12196,1091549.2
12197,1192297.4
12198,3343574.5
12199,2396712.8
12200,1549029.2
12201,3494648.8
12202,174101.5
12203,569235.75
12204,1177748.0
12205,1280005.5
12206,2429825.2
12207,1281847.1
12208,773598.7
12209,1261652.1
12210,2699908.8
12211,2815187.2
12212,650283.25
12213,758541.25
12214,2021059.8
12215,638235.56
12216,1995960.5
12217,1113423.5
12218,1279589.4
12219,2801234.0
12220,2553672.0
12221,2465317.0
12222,794175.1
12223,869092.3
12224,961489.3
12225,2223993.0
12226,388433.62
12227,1533579.2
12228,832465.7
12229,977965.6
12230,4910584.0
12231,733097.7
12232,1263444.9
12233,1698914.5
12234,1191729.4
12235,1427340.2
12236,1854187.8
12237,865854.06
12238,808041.9
12239,1423461.5
12240,994782.1
12241,2155076.0
12242,2315515.2
12243,1558151.5
12244,295086.47
12245,1027085.0
12246,900611.5
12247,480058.3
12248,579485.44
12249,413858.56
12250,948501.1
12251,487969.88
12252,929585.3
12253,449171.06
12254,1991116.0
12255,391339.78
12256,749246.5
12257,1022351.3
12258,800508.56
12259,311435.53
12260,177434.61
12261,2792244.0
12262,592909.9
12263,1188272.6
12264,696365.3
12265,630313.0
12266,515592.22
12267,838620.3
12268,230485.27
12269,434191.47
12270,1216393.2
12271,1141286.4
12272,686156.3
12273,2196685.0
12274,3071534.8
12275,966414.5
12276,252954.72
12277,1042821.8
12278,272608.94
12279,1256833.8
12280,454046.8
12281,2476920.0
12282,1508914.6
12283,590561.25
12284,380565.78
12285,1460110.6
12286,721122.06
12287,1752338.1
12288,623814.0
12289,722868.5
12290,251672.53
12291,1665696.1
12292,1075092.4
12293,890496.56
12294,2518866.0
12295,865188.7
12296,738784.3
12297,524821.9
12298,1208354.8
12299,644607.8
12300,105965.445
12301,668674.06
12302,354317.22
12303,614933.6
12304,367626.16
12305,630439.6
12306,896270.56
12307,525748.25
12308,1305770.5
12309,3313560.0
12310,562052.44
12311,804834.6
12312,799093.9
12313,605663.44
12314,1640471.1
12315,1176085.0
12316,1828422.6
12317,1192227.9
12318,1699982.6
12319,8481.293
12320,399735.47
12321,1251524.2
12322,605594.94
12323,753022.9
12324,361460.6
12325,1476281.4
12326,2317849.0
12327,1225754.5
12328,984940.0
12329,901579.3
12330,1846556.6
12331,512361.53
12332,201147.08
12333,1091738.0
12334,1788230.4
12335,1505042.9
12336,139445.12
12337,298319.75
12338,1139040.4
12339,984388.3
12340,1387005.6
12341,789116.4
12342,368796.78
12343,1755284.4
12344,564697.75
12345,322767.22
12346,395192.72
12347,294298.28
12348,206417.67
12349,690885.94
12350,2205383.0
12351,1957938.5
12352,1233310.4
12353,2281912.5
12354,1336067.8
12355,3803573.5
12356,329109.2
12357,462484.47
12358,929157.6
12359,391598.25
12360,1547398.6
12361,650896.1
12362,2110257.8
12363,792019.5
12364,221798.73
12365,818817.5
12366,919296.0
12367,454813.0
12368,290314.7
12369,328987.03
12370,1308876.4
12371,167431.52
12372,2213714.8
12373,778917.9
12374,398180.1
12375,2445597.2
12376,1377039.0
12377,646547.0
12378,1534503.5
12379,2171417.2
12380,1012835.25
12381,1176150.9
12382,926863.25
12383,424819.66
12384,773808.9
12385,2080723.2
12386,143923.56
12387,655127.06
12388,210572.61
12389,2369771.5
12390,2169996.5
12391,1271573.8
12392,86404.19
12393,978390.3
12394,2148727.0
12395,807914.0
12396,1459492.8
12397,188100.62
12398,221724.27
12399,2518306.5
12400,1788452.4
12401,1264611.1
12402,559240.44
12403,376555.2
12404,1739019.8
12405,1375901.6
12406,501815.34
12407,821634.06
12408,687023.9
12409,1256000.2
12410,1556087.0
12411,931575.4
12412,433324.0
12413,1814718.6
12414,370942.1
12415,380443.0
12416,1690188.0
12417,282880.72
12418,696194.4
12419,4245663.5
12420,1074809.6
12421,1682028.9
12422,623772.06
12423,281857.88
12424,1047655.6
12425,225130.45
12426,1657306.8
12427,1230843.6
12428,2104676.5
12429,587535.1
12430,910903.8
12431,672610.2
12432,886560.94
12433,964170.56
12434,784103.1
12435,2036041.5
12436,665751.0
12437,5043657.0
12438,1350800.4
12439,213502.0
12440,318697.28
12441,1345616.2
12442,758416.6
12443,588632.94
12444,305288.0
12445,168543.5
12446,1464184.2
12447,400359.28
12448,547112.56
12449,401544.25
12450,415170.97
12451,1072790.0
12452,719099.5
12453,1734848.0
12454,1968607.4
12455,550328.06
12456,618135.06
12457,1187043.2
12458,1567709.2
12459,2035868.0
12460,1120117.1
12461,2591101.2
12462,532737.5
12463,386527.72
12464,286545.38
12465,379257.16
12466,1298214.9
12467,4427176.0
12468,656617.2
12469,2143464.5
12470,2995769.2
12471,1872170.2
12472,442900.75
12473,778517.9
12474,442900.5
12475,347895.22
12476,567062.8
12477,630868.3
12478,910289.6
12479,247193.56
12480,2150527.0
12481,920959.5
12482,1424615.2
12483,4932461.5
12484,790530.0
12485,361505.16
12486,2148464.0
12487,804685.94
12488,4512622.0
12489,1593061.4
12490,1465529.6
12491,641722.6
12492,358760.66
12493,8710478.0
12494,814335.9
12495,2309436.2
12496,1122146.6
12497,3228537.8
12498,2158012.8
12499,704109.8
12500,623229.56
12501,1966311.1
12502,499488.8
12503,1114789.0
12504,2335836.5
12505,116180.84
12506,1969681.9
12507,979701.3
12508,3403122.8
12509,2572136.8
12510,576545.94
12511,1062652.2
12512,120527.54
12513,625228.1
12514,787809.56
12515,1031898.0
12516,686866.9
12517,800193.6
12518,966173.94
12519,1603591.1
12520,707131.7
12521,257713.55
12522,1036970.4
12523,643803.75
12524,755003.06
12525,214561.08
12526,500388.88
12527,286125.72
12528,1999274.4
12529,106147.516
12530,488371.62
12531,785844.4
12532,522747.22
12533,1548163.8
12534,1712240.0
12535,360358.84
12536,6073925.0
12537,971559.9
12538,1633304.5
12539,259343.64
12540,1007308.2
12541,574274.5
12542,1014776.9
12543,1120967.5
12544,1162059.5
12545,1807338.6
12546,581881.56
12547,747597.1
12548,639414.06
12549,2694838.8
12550,176528.47
12551,1292673.1
12552,2365239.8
12553,362255.44
12554,320139.06
12555,977236.3
12556,544670.6
12557,1523017.9
12558,356852.47
12559,866913.6
12560,2205451.0
12561,1105991.9
12562,659267.7
12563,1345965.6
12564,1818458.6
12565,391248.0
12566,796633.4
12567,498644.9
12568,800784.8
12569,2012177.1
12570,926661.5
12571,777443.25
12572,929823.06
12573,594798.2
12574,2896087.5
12575,924624.7
12576,527559.0
12577,701256.94
12578,787268.5
12579,685402.25
12580,126065.03
12581,51460.82
12582,3337318.5
12583,161256.2
12584,698445.56
12585,237389.58
12586,2205383.0
12587,705683.56
12588,2700378.2
12589,269393.47
12590,798988.0
12591,1273234.8
12592,505626.03
12593,1278284.8
12594,901858.8
12595,174101.5
12596,561052.8
12597,2426003.0
12598,529115.6
12599,406029.38
12600,317668.88
12601,770314.75
12602,942135.8
12603,834024.56
12604,1017222.06
12605,585661.75
12606,722534.75
12607,925087.0
12608,2557636.2
12609,1466783.1
12610,382219.22
12611,395077.0
12612,1014153.2
12613,1348330.8
12614,491099.53
12615,1605455.2
12616,2335575.0
12617,1600433.2
12618,562495.75
12619,318235.03
12620,1357865.8
12621,346549.75
12622,1340089.0
12623,1075098.2
12624,299660.03
12625,652073.5
12626,1017221.7
12627,1212864.0
12628,1007569.44
12629,1854807.9
12630,512988.53
12631,2003196.1
12632,402974.78
12633,554520.6
12634,694995.0
12635,246662.61
12636,926817.56
12637,198429.39
12638,352552.3
12639,3303636.5
12640,846063.8
12641,1419287.9
12642,726698.75
12643,1551692.8
12644,283032.38
12645,2695567.2
12646,593959.4
12647,1402872.4
12648,2187234.2
12649,1816376.6
12650,929925.7
12651,985616.5
12652,810718.0
12653,808841.1
12654,1045121.75
12655,191663.06
12656,902835.6
12657,677942.94
12658,1142127.4
12659,189783.25
12660,301188.06
12661,442491.94
12662,402584.25
12663,1927152.5
12664,2282544.8
12665,2188630.2
12666,1623607.5
12667,944716.6
12668,764971.44
12669,1208412.8
12670,1509129.6
12671,228668.39
12672,910722.06
12673,1612992.8
12674,864435.44
12675,1644763.4
12676,204846.0
12677,249508.27
12678,993786.9
12679,988553.56
12680,2572588.2
12681,1457991.0
12682,605448.4
12683,1696528.0
12684,1756019.2
12685,226702.95
12686,520041.6
12687,356716.6
12688,586570.9
12689,231469.45
12690,348123.9
12691,1911888.8
12692,924373.4
12693,657285.2
12694,382944.28
12695,4657335.5
12696,791033.56
12697,77462.08
12698,1251834.8
12699,772076.7
12700,678229.06
12701,132008.12
12702,768268.06
12703,896132.8
12704,2995709.0
12705,248742.52
12706,3575020.8
12707,726615.4
12708,2398743.5
12709,506818.38
12710,976485.0
12711,813555.94
12712,648705.7
12713,1947246.2
12714,373788.5
12715,157354.94
12716,245931.78
12717,948851.94
12718,541576.06
12719,1377744.9
12720,624088.7
12721,310037.7
12722,1895352.8
12723,526862.1
12724,1824269.1
12725,411484.12
12726,726154.94
12727,713263.5
12728,382569.25
12729,1465137.6
12730,567525.1
12731,1028261.3
12732,1158018.1
12733,1519693.1
12734,1743385.9
12735,395315.44
12736,701966.4
12737,1749142.0
12738,2294495.5
12739,623839.56
12740,917197.7
12741,1453862.4
12742,1195136.2
12743,784433.9
12744,1314644.8
12745,3111860.5
12746,1250463.2
12747,915883.44
12748,794440.5
12749,200133.77
12750,221885.47
12751,931575.4
12752,1422579.9
12753,146388.6
12754,1686212.4
12755,587595.1
12756,2073050.8
12757,201675.22
12758,207921.5
12759,1381259.0
12760,809285.7
12761,1503280.9
12762,321100.8
12763,764635.8
12764,1023865.25
12765,545383.06
12766,2255473.8
12767,1297290.9
12768,1014334.6
12769,629275.4
12770,363852.97
12771,840616.75
12772,2829304.2
12773,806954.3
12774,2519623.0
12775,343160.9
12776,481129.84
12777,213154.22
12778,1791143.0
12779,1157170.8
12780,678101.6
12781,485761.75
12782,583383.3
12783,384194.06
12784,266020.62
12785,2201503.0
12786,314803.16
12787,952276.9
12788,349044.62
12789,1464112.6
12790,762637.5
12791,826231.6
12792,1915668.2
12793,556519.8
12794,763786.44
12795,3663847.5
12796,1614589.6
12797,1561367.1
12798,267746.62
12799,2148464.0
12800,542631.4
12801,1132455.5
12802,688283.6
12803,999044.06
12804,1323217.6
12805,1217914.4
12806,1171695.6
12807,1744741.5
12808,1475207.0
12809,951085.4
12810,47585.637
12811,486367.7
12812,119383.25
12813,175920.44
12814,306663.88
12815,665039.75
12816,631572.8
12817,1209079.1
12818,653603.4
12819,849096.56
12820,816897.06
12821,2000479.0
12822,1453322.8
12823,2398088.5
12824,2560272.8
12825,1685864.8
12826,1592081.0
12827,1866542.6
12828,1011969.94
12829,1233752.6
12830,2950437.2
12831,424304.3
12832,485560.0
12833,905832.9
12834,2089947.4
12835,1313073.4
12836,550705.75
12837,1650254.4
12838,765363.06
12839,345429.56
12840,546792.94
12841,739002.75
12842,439438.56
12843,657721.2
12844,639472.94
12845,401691.75
12846,548505.0
12847,469482.53
12848,1447905.8
12849,387573.25
12850,1047655.6
12851,616236.0
12852,1218620.1
12853,696114.4
12854,809042.4
12855,630122.44
12856,1191300.5
12857,446422.94
12858,204846.0
12859,1302477.5
12860,378820.3
12861,2625159.5
12862,1303138.0
12863,326235.25
12864,399735.47
12865,1222123.4
12866,429878.28
12867,368583.28
12868,271412.0
12869,3365670.0
12870,1627321.6
12871,409006.6
12872,971153.94
12873,1908817.4
12874,615262.8
12875,688812.9
12876,997060.2
12877,1676632.9
12878,225397.89
12879,1032564.1
12880,269072.28
12881,410286.7
12882,631005.94
12883,1064906.5
12884,1714054.6
12885,336576.47
12886,1327612.8
12887,789557.25
12888,332360.72
12889,2262929.0
12890,1304077.4
12891,123295.125
12892,398084.75
12893,342212.94
12894,1033314.56
12895,1317689.2
12896,294321.2
12897,375914.44
12898,164506.31
12899,597121.8
12900,1649992.1
12901,3347487.8
12902,534688.06
12903,593568.6
12904,376272.38
12905,431826.62
12906,2840582.8
12907,533199.8
12908,654164.8
12909,1113970.5
12910,648705.7
12911,1474606.4
12912,1377016.9
12913,870588.1
12914,443894.34
12915,1187993.1
12916,2245004.0
12917,697296.0
12918,998970.7
12919,503581.72
12920,352315.94
12921,836427.1
12922,198704.95
12923,1177818.2
12924,1614725.8
12925,1445275.9
12926,289767.44
12927,924597.56
12928,337067.4
12929,1035132.4
12930,2509394.8
12931,2010094.2
12932,659267.7
12933,1225738.4
12934,2520391.5
12935,1310560.6
12936,3289360.8
12937,521774.16
12938,2046610.2
12939,2404052.8
12940,226489.4
12941,404124.3
12942,1955367.2
12943,2019137.5
12944,612425.7
12945,1601345.8
12946,3116379.8
12947,620502.5
12948,177509.38
12949,1186256.5
12950,2285729.0
12951,941692.3
12952,256328.36
12953,426013.75
12954,629268.56
12955,638794.94
12956,529749.56
12957,1070120.5
12958,3122456.8
12959,2038704.1
12960,397393.72
12961,1201115.5
12962,259343.64
12963,1278512.0
12964,158856.95
12965,1139277.9
12966,829683.94
12967,1099980.1
12968,1128109.0
12969,58477.652
12970,342548.8
12971,203512.14
12972,378979.84
12973,833764.5
12974,86907.84
12975,173391.92
12976,187621.28
12977,1509160.4
12978,1985194.9
12979,1995292.9
12980,296898.47
12981,559381.6
12982,592778.0
12983,1094037.1
12984,906990.7
12985,610197.9
12986,144944.84
12987,264780.34
12988,661245.06
12989,449013.34
12990,1275403.2
12991,1135938.0
12992,1497805.0
12993,878189.1
12994,1368844.5
12995,57304.805
12996,345148.97
12997,1336536.5
12998,670326.25
12999,1512686.1
13000,377725.56
13001,872699.25
13002,856007.5
13003,115940.88
13004,288530.12
13005,543135.7
13006,69411.94
13007,1473197.6
13008,2605762.8
13009,2551593.8
13010,1275291.6
13011,131404.48
13012,647867.6
13013,589794.6
13014,457285.3
13015,894240.75
13016,2056469.8
13017,975703.7
13018,570911.44
13019,827891.9
13020,405453.56
13021,308875.25
13022,131420.55
13023,2012040.6
13024,1710787.8
13025,1674831.4
13026,1170769.8
13027,1451807.1
13028,1584332.8
13029,1375653.5
13030,803753.2
13031,1262298.0
13032,497911.44
13033,636153.2
13034,301759.66
13035,1045079.8
13036,966203.44
13037,861312.2
13038,1082128.4
13039,478148.53
13040,440014.06
13041,105479.26
13042,2029987.9
13043,1153016.1
13044,4007183.5
13045,1770212.1
13046,1465827.5
13047,766822.75
13048,1310880.6
13049,1115753.1
13050,2027608.8
13051,126962.11
13052,1671497.0
13053,1474231.6
13054,1031051.2
13055,353063.9
13056,935818.2
13057,1221455.6
13058,1323139.8
13059,163930.95
13060,257409.95
13061,797591.1
13062,1064434.0
13063,347727.53
13064,896701.56
13065,426039.12
13066,1820318.4
13067,1496811.5
13068,2124618.8
13069,1958644.9
13070,3074470.0
13071,470667.56
13072,418230.53
13073,1209213.0
13074,806651.56
13075,1553953.1
13076,813828.06
13077,556151.06
13078,449255.47
13079,156706.6
13080,393272.97
13081,1160599.9
13082,485275.56
13083,2101433.8
13084,602061.0
13085,753728.8
13086,1030007.4
13087,628250.2
13088,933355.9
13089,1051195.5
13090,176637.0
13091,142079.08
13092,868929.94
13093,1274763.4
13094,1410242.5
13095,1691357.5
13096,965054.3
13097,630194.8
13098,921574.1
13099,719324.6
13100,709132.6
13101,737576.94
13102,3034387.8
13103,672154.3
13104,466238.44
13105,1548163.8
13106,437064.2
13107,1792993.0
13108,229008.11
13109,1343498.9
13110,311298.47
13111,160740.6
13112,559311.2
13113,894559.2
13114,1976062.6
13115,1479583.2
13116,1674963.0
13117,2541990.2
13118,2167835.5
13119,2151152.0
13120,2326417.0
13121,1585107.9
13122,1453568.8
13123,809239.1
13124,1048014.06
13125,357573.53
13126,2731265.5
13127,512400.94
13128,3125865.5
13129,53679.38
13130,177924.47
13131,1546767.5
13132,652919.75
13133,546997.5
13134,1333842.4
13135,1467997.0
13136,181508.48
13137,1028147.6
13138,721386.5
13139,374664.0
13140,312551.03
13141,529426.4
13142,641856.0
13143,2669822.8
13144,488855.4
13145,1482040.1
13146,408213.4
13147,1392965.6
13148,516571.3
13149,444494.2
13150,343188.4
13151,2572136.8
13152,618185.4
13153,931085.75
13154,1342876.4
13155,423354.0
13156,1810610.0
13157,731288.2
13158,1045578.4
13159,1335244.8
13160,860504.6
13161,725744.7
13162,1276872.4
13163,813263.56
13164,1153923.1
13165,730557.94
13166,1509160.4
13167,2792711.5
13168,1690499.2
13169,1691357.5
13170,920142.94
13171,996583.44
13172,133910.39
13173,697005.75
13174,532737.5
13175,457746.53
13176,2609090.8
13177,835214.56
13178,716922.8
13179,644542.1
13180,500058.2
13181,2876331.0
13182,380565.78
13183,1667530.2
13184,656460.06
13185,1899990.6
13186,1219678.6
13187,1566436.5
13188,1396714.5
13189,136544.6
13190,1274928.0
13191,833834.7
13192,609728.56
13193,416817.6
13194,484707.47
13195,1019404.6
13196,1212964.9
13197,1329558.2
13198,2164183.8
13199,1113744.0
13200,1884228.6
13201,906216.9
13202,1805364.0
13203,168543.5
13204,1065884.0
13205,907845.4
13206,546936.75
13207,491520.28
13208,1888569.8
13209,354753.9
13210,781392.8
13211,2171683.0
13212,1686822.2
13213,2309406.0
13214,1244306.2
13215,1110034.6
13216,1124666.8
13217,1030711.4
13218,837251.2
13219,726822.75
13220,634726.06
13221,119383.25
13222,110517.9
13223,931529.1
13224,1890904.6
13225,420672.94
13226,783101.75
13227,248308.1
13228,2581961.5
13229,226684.08
13230,2170392.5
13231,2235465.5
13232,837479.7
13233,2263595.2
13234,372502.38
13235,955111.1
13236,1845189.9
13237,976330.75
13238,1397048.9
13239,1883886.1
13240,1828089.0
13241,3702056.5
13242,2647142.5
13243,800068.2
13244,275921.7
13245,1818458.6
13246,693673.25
13247,807990.4
13248,4565298.5
13249,1690499.2
13250,2722179.2
13251,857097.75
13252,1065441.8
13253,1534807.0
13254,1062219.9
13255,1428655.2
13256,2887577.2
13257,2068312.0
13258,298626.22
13259,1154119.8
13260,1058542.8
13261,2138421.2
13262,1580214.6
13263,1312813.4
13264,920141.75
13265,828087.2
13266,957064.1
13267,645980.5
13268,402584.25
13269,226809.27
13270,785479.9
13271,270524.38
13272,1924962.2
13273,688450.06
13274,1151228.4
13275,1462206.4
13276,194045.97
13277,2207224.8
13278,176637.0
13279,589778.44
13280,1143838.8
13281,1615701.6
13282,2531932.0
13283,650642.56
13284,1995826.5
13285,352082.38
13286,814535.8
13287,593568.6
13288,1623005.2
13289,2386588.5
13290,647496.25
13291,666634.25
13292,1076807.8
13293,254558.0
13294,443227.06
13295,587707.3
13296,929914.44
13297,1691819.8
13298,585852.06
13299,317065.72
13300,484522.88
13301,1621827.2
13302,781460.56
13303,436487.8
13304,1209241.4
13305,1920263.1
13306,375201.22
13307,347432.97
13308,504464.0
13309,378442.7
13310,1433329.4
13311,747231.6
13312,198344.8
13313,478770.94
13314,549874.44
13315,1444964.1
13316,1435226.9
13317,2407165.0
13318,2342393.8
13319,994782.1
13320,64160.52
13321,227370.92
13322,355758.12
13323,1066368.9
13324,129154.98
13325,798813.0
13326,689308.4
13327,347244.03
13328,801094.44
13329,2333635.2
13330,556946.1
13331,2490845.8
13332,1229324.5
13333,923002.6
13334,1132786.6
13335,1014941.94
13336,1038322.1
13337,1383050.9
13338,1268364.6
13339,927721.56
13340,371786.06
13341,1128335.4
13342,491186.06
13343,2008452.5
13344,547695.0
13345,1059755.2
13346,170859.11
13347,973174.44
13348,1309971.8
13349,1271957.6
13350,116180.84
13351,2543774.5
13352,240424.69
13353,2150916.5
13354,96134.77
13355,1236333.1
13356,552428.3
13357,1317725.8
13358,389692.2
13359,665048.75
13360,213024.3
13361,2869680.0
13362,2180186.8
13363,1060463.8
13364,701594.5
13365,831038.3
13366,927721.56
13367,1732323.4
13368,927721.56
13369,1468286.0
13370,1661594.2
13371,848717.25
13372,1201532.0
13373,689770.7
13374,561858.1
13375,1128145.8
13376,648705.7
13377,611686.1
13378,137771.03
13379,1991588.6
13380,623351.7
13381,521974.72
13382,556035.9
13383,255302.33
13384,1854187.8
13385,464084.56
13386,594798.2
13387,247372.3
13388,2034774.2
13389,1173687.9
13390,1203979.1
13391,139575.66
13392,391881.1
13393,2500109.2
13394,1542302.9
13395,227064.52
13396,795463.0
13397,1117648.0
13398,1593061.4
13399,1413997.2
13400,1621230.0
13401,1007569.44
13402,796911.1
13403,182472.0
13404,967704.3
13405,1173237.8
13406,202678.34
13407,1221522.8
13408,665252.75
13409,2504224.8
13410,1157402.8
13411,828246.3
13412,477887.3
13413,632505.9
13414,412506.4
13415,424718.9
13416,526356.5
13417,533199.8
13418,1074857.9
13419,718479.3
13420,1019920.5
13421,416176.44
13422,271008.7
13423,2236682.5
13424,1310316.9
13425,472985.84
13426,1691357.5
13427,2305146.8
13428,3424603.2
13429,1624352.1
13430,1178858.9
13431,317025.44
13432,963275.9
13433,345429.56
13434,937939.3
13435,439082.6
13436,582486.0
13437,272735.22
13438,690663.94
13439,2014270.0
13440,952662.94
13441,779670.8
13442,1231958.9
13443,677690.75
13444,718570.5
13445,1342404.8
13446,581510.9
13447,1692912.4
13448,300705.56
13449,969732.75
13450,664781.25
13451,240584.14
13452,1537749.8
13453,1958213.8
13454,2036172.5
13455,983492.7
13456,2481738.2
13457,1156885.5
13458,203274.2
13459,894904.1
13460,1747768.8
13461,883526.5
13462,943327.44
13463,693950.25
13464,93240.9
13465,400391.38
13466,445390.2
13467,424353.56
13468,378189.53
13469,612568.56
13470,72743.336
13471,2169996.5
13472,439544.84
13473,1627271.1
13474,225976.47
13475,605663.44
13476,2656001.2
13477,522247.28
13478,868617.5
13479,1136315.9
13480,1297038.9
13481,409256.0
13482,449856.66
13483,2174447.8
13484,1363335.6
13485,517524.66
13486,1816355.4
13487,2806649.8
13488,1164271.0
13489,581274.7
13490,795107.75
13491,469377.03
13492,199972.45
13493,660840.25
13494,5106947.5
13495,794001.8
13496,827039.44
13497,731695.2
13498,1005263.8
13499,895132.2
13500,804627.94
13501,191023.5
13502,196630.0
13503,805697.4
13504,1064384.4
13505,810781.4
13506,2003054.2
13507,2192761.5
13508,1229198.1
13509,437369.3
13510,927080.7
13511,756143.4
13512,953516.1
13513,952276.9
13514,1898766.0
13515,3048346.2
13516,2136795.2
13517,265167.25
13518,927918.9
13519,2193771.5
13520,1973862.4
13521,1119017.1
13522,240264.47
13523,360090.16
13524,1534850.5
13525,1694950.5
13526,968456.7
13527,459771.2
13528,772070.25
13529,1731222.9
13530,481300.75
13531,1593061.4
13532,1010442.94
13533,487676.56
13534,1123252.6
13535,884367.5
13536,188395.38
13537,1066626.9
13538,1095396.6
13539,412027.56
13540,1627905.4
13541,911826.7
13542,320764.75
13543,547822.5
13544,1817417.8
13545,1556594.8
13546,814037.4
13547,474379.03
13548,673055.25
13549,1629350.0
13550,826889.3
13551,398229.25
13552,2278699.8
13553,1108679.0
13554,1078499.4
13555,657516.25
13556,716048.4
13557,269442.38
13558,1602233.1
13559,376851.47
13560,1442324.6
13561,397762.47
13562,226543.22
13563,1480397.1
13564,1694092.2
13565,1383148.1
13566,845156.3
13567,680155.44
13568,639426.9
13569,729011.4
13570,1061288.9
13571,1486463.6
13572,2380553.2
13573,1620211.4
13574,310926.12
13575,1409445.6
13576,409256.0
13577,698216.94
13578,365465.97
13579,592194.9
13580,90814.89
13581,265484.0
13582,388745.78
13583,662648.1
13584,101693.09
13585,1040287.44
13586,536158.25
13587,1002697.3
13588,1431396.8
13589,1129193.6
13590,1031943.75
13591,643979.94
13592,986073.6
13593,608914.56
13594,1349162.0
13595,1155527.2
13596,1043508.2
13597,769596.1
13598,541410.06
13599,690906.06
13600,267595.06
13601,303526.25
13602,887413.0
13603,807338.56
13604,1414068.0
13605,984800.25
13606,1018506.75
13607,591001.5
13608,1343347.9
13609,1233783.6
13610,969823.6
13611,824310.3
13612,921628.75
13613,510494.6
13614,2062166.1
13615,1979858.8
13616,2503441.5
13617,1082187.5
13618,583230.1
13619,76017.016
13620,436855.4
13621,2172951.2
13622,861657.94
13623,1801176.4
13624,433092.22
13625,914802.7
13626,1014256.7
13627,493931.56
13628,4443907.0
13629,1982474.6
13630,689308.4
13631,749671.75
13632,378820.3
13633,1596202.4
13634,1048556.2
13635,174854.39
13636,2519681.5
13637,729632.25
13638,2295079.2
13639,1886165.0
13640,463575.62
13641,1297752.6
13642,153526.9
13643,273525.53
13644,1889012.2
13645,1253559.9
13646,2700618.8
13647,941755.0
13648,672410.25
13649,499453.06
13650,457395.53
13651,337162.47
13652,1221386.4
13653,1788115.0
13654,3592319.0
13655,2011047.6
13656,812979.2
13657,420006.47
13658,253348.45
13659,2671459.5
13660,221611.58
13661,126962.11
13662,2635060.5
13663,894751.9
13664,946671.94
13665,1419315.2
13666,732856.2
13667,1036168.44
13668,989906.1
13669,195271.36
13670,1160049.9
13671,1001818.9
13672,1511902.2
13673,811127.0
13674,1645159.9
13675,2623113.0
13676,2317263.5
13677,265113.9
13678,323875.34
13679,943009.8
13680,1794527.0
13681,145205.67
13682,393773.16
13683,478503.2
13684,400564.5
13685,1446124.2
13686,2059427.8
13687,1559947.0
13688,2569723.2
13689,1348793.0
13690,522684.72
13691,303526.25
13692,1155825.2
13693,1085041.4
13694,1881270.2
13695,377313.72
13696,805832.6
13697,895180.75
13698,1933351.6
13699,1416832.9
13700,680638.3
13701,991864.5
13702,1744347.4
13703,684713.5
13704,218252.72
13705,873699.1
13706,603681.3
13707,1412219.4
13708,463819.44
13709,2852610.5
13710,1632487.9
13711,619802.3
13712,1904275.0
13713,1786636.9
13714,788544.44
13715,317560.56
13716,142117.97
13717,2008175.6
13718,572416.25
13719,515615.0
13720,1189536.5
13721,809756.1
13722,1725442.6
13723,599316.25
13724,99659.6
13725,650898.56
13726,1197843.1
13727,275377.8
13728,341699.94
13729,595959.06
13730,1383148.1
13731,604522.5
13732,540070.44
13733,3729106.2
13734,262587.47
13735,1519367.4
13736,2147028.0
13737,1288453.6
13738,915210.9
13739,171071.6
13740,141408.62
13741,4819759.0
13742,1251764.9
13743,1677746.8
13744,564417.5
13745,1588142.2
13746,932637.7
13747,147158.69
13748,1136123.8
13749,1730971.2
13750,76432.65
13751,299517.16
13752,311892.97
13753,269657.44
13754,901877.7
13755,817527.3
13756,155616.39
13757,440297.0
13758,1487278.9
13759,407911.25
13760,615748.4
13761,882860.8
13762,1075964.5
13763,357651.84
13764,435489.0
13765,2184999.0
13766,322436.53
13767,630868.3
13768,1021601.94
13769,1223080.2
13770,1184390.2
13771,458067.97
13772,988677.7
13773,1055822.2
13774,563261.7
13775,116966.88
13776,3015205.2
13777,263712.25
13778,1448866.1
13779,1520676.0
13780,655944.25
13781,2560415.0
13782,2170392.5
13783,687023.9
13784,1077481.5
13785,108794.26
13786,870162.3
13787,605453.4
13788,316611.72
13789,3068839.5
13790,5155352.0
13791,919575.0
13792,648705.7
13793,1211991.5
13794,1923621.1
13795,99350.48
13796,699940.4
13797,186080.31
13798,723421.75
13799,1417581.2
13800,1373380.2
13801,2586385.5
13802,1140460.1
13803,684141.0
13804,203512.14
13805,424819.66
13806,1237868.6
13807,581650.56
13808,741330.06
13809,994782.1
13810,1107219.1
13811,1019592.4
13812,236461.84
13813,1112059.8
13814,1654265.8
13815,1706329.8
13816,1081036.8
13817,949736.75
13818,355984.34
13819,1657035.1
13820,1476256.6
13821,316237.53
13822,805587.5
13823,1233338.4
13824,51995.934
13825,516339.7
13826,338939.5
13827,164834.2
13828,643384.1
13829,545225.1
13830,1606015.5
13831,956180.56
13832,387391.12
13833,515178.6
13834,643979.94
13835,1112160.1
13836,2167161.8
13837,1453982.1
13838,659715.8
13839,676396.3
13840,131495.95
13841,806874.1
13842,156194.31
13843,517734.25
13844,1566393.6
13845,2435117.0
13846,2988837.5
13847,1430550.1
13848,661912.9
13849,651616.06
13850,708361.2
13851,138121.98
13852,2116351.0
13853,572587.2
13854,2488767.5
13855,939721.8
13856,1979943.2
13857,2624418.8
13858,351952.7
13859,1508353.8
13860,121357.16
13861,1456972.9
13862,3137730.5
13863,2888083.8
13864,662819.6
13865,950508.9
13866,1374404.5
13867,490520.38
13868,686866.9
13869,615725.1
13870,1636380.9
13871,461152.94
13872,685862.6
13873,264902.12
13874,497217.44
13875,998569.94
13876,231964.61
13877,361290.06
13878,1043777.9
13879,715356.06
13880,460950.0
13881,1383148.1
13882,725177.6
13883,197091.48
13884,1885558.8
13885,1873384.6
13886,2116544.0
13887,468322.28
13888,920310.44
13889,314681.56
13890,2528172.0
13891,129137.44
13892,626032.44
13893,1264518.4
13894,768730.4
13895,430778.16
13896,2364075.8
13897,1789459.9
13898,2177158.8
13899,951962.3
13900,477179.3
13901,1579447.0
13902,460131.97
13903,392522.88
13904,533199.8
13905,635320.5
13906,1770809.1
13907,2094717.4
13908,612175.25
13909,723636.8
13910,1018919.4
13911,377320.5
13912,363274.22
13913,177698.56
13914,798244.3
13915,470745.16
13916,612501.56
13917,842331.1
13918,244994.47
13919,211863.27
13920,1507248.9
13921,291391.34
13922,1186130.8
13923,398161.22
13924,717860.56
13925,1126151.0
13926,1885754.0
13927,449314.38
13928,802554.56
13929,296034.22
13930,2453693.2
13931,1771629.8
13932,205705.02
13933,2645596.0
13934,1220176.5
13935,1237471.2
13936,394399.16
13937,865121.3
13938,1028147.6
13939,629231.7
13940,615631.1
13941,283627.66
13942,404963.4
13943,312935.12
13944,1027085.0
13945,140404.42
13946,1056406.9
13947,430144.88
13948,1598481.2
13949,1215254.1
13950,2313590.5
13951,857852.5
13952,321100.8
13953,614120.5
13954,624177.56
13955,936235.8
13956,426373.06
13957,560165.6
13958,391403.5
13959,2229397.5
13960,468677.4
13961,134640.88
13962,916048.94
13963,739213.0
13964,1411021.0
13965,609347.75
13966,1734017.4
13967,356047.84
13968,4456356.5
13969,1298847.8
13970,525305.3
13971,2185705.8
13972,3817375.5
13973,335056.38
13974,159528.45
13975,183610.12
13976,1778897.9
13977,854261.8
13978,2462815.5
13979,687410.0
13980,1173916.8
13981,408617.47
13982,1468739.8
13983,656474.94
13984,727439.4
13985,1418216.5
13986,432016.75
13987,451349.28
13988,1773084.6
13989,409826.75
13990,1209309.8
13991,1489072.6
13992,1031053.06
13993,1735045.4
13994,676122.6
13995,607998.0
13996,1689423.1
13997,1836982.0
13998,140311.1
13999,1605934.1
14000,604722.4
14001,738348.94
14002,2146924.5
14003,2231954.5
14004,1137059.2
14005,560305.7
14006,809145.0
14007,2096628.5
14008,952276.9
14009,550539.1
14010,1979000.0
14011,459590.6
14012,337655.03
14013,845137.4
14014,975797.5
14015,1064208.5
14016,1733524.6
14017,465627.88
14018,4015157.2
14019,1286766.2
14020,927810.8
14021,3028384.2
14022,723636.8
14023,1467068.2
14024,1522475.8
14025,526862.1
14026,1179716.0
14027,1282585.0
14028,1725985.4
14029,2047400.1
14030,3027073.5
14031,1471819.2
14032,264762.25
14033,580211.25
14034,334203.78
14035,884512.8
14036,538378.56
14037,1356891.0
14038,597155.0
14039,333872.72
14040,703568.6
14041,1064678.1
14042,3226816.2
14043,798941.3
14044,418844.2
14045,3502683.0
14046,638181.56
14047,1187863.0
14048,565813.44
14049,1295449.0
14050,728424.06
14051,547315.8
14052,659741.94
14053,419391.47
14054,3323013.8
14055,389186.72
14056,1281847.1
14057,618297.6
14058,1027230.0
14059,874302.25
14060,865853.6
14061,1820650.0
14062,359723.16
14063,2586269.5
14064,460533.66
14065,3080260.8
14066,2597125.2
14067,999422.4
14068,1132837.2
14069,1483491.0
14070,862869.7
14071,295633.6
14072,567477.56
14073,471348.25
14074,1990330.9
14075,674429.9
14076,957526.44
14077,145901.02
14078,2298665.5
14079,2943984.8
14080,806945.75
14081,303544.88
14082,409667.75
14083,3357579.8
14084,1319515.2
14085,2107440.5
14086,825810.44
14087,3129271.2
14088,1615423.0
14089,361347.78
14090,1162651.5
14091,101604.586
14092,1115036.1
14093,844561.94
14094,2419576.8
14095,1310098.4
14096,2717540.5
14097,653831.56
14098,727070.4
14099,683072.56
14100,1975677.6
14101,1083721.2
14102,2831847.8
14103,1205582.5
14104,864235.94
14105,792404.56
14106,806464.3
14107,774392.75
14108,3453369.0
14109,1031805.1
14110,1661349.2
14111,2764860.2
14112,750536.06
14113,1125320.8
14114,899514.56
14115,1232039.1
14116,1173050.6
14117,663188.5
14118,871598.9
14119,670170.6
14120,689308.4
14121,270779.7
14122,115940.88
14123,1064434.0
14124,1644666.0
14125,852826.6
14126,245489.61
14127,365449.6
14128,3335767.2
14129,567178.9
14130,1726569.0
14131,1714054.6
14132,79517.68
14133,600301.9
14134,819108.94
14135,714713.7
14136,868556.3
14137,455853.0
14138,381516.03
14139,3211624.5
14140,1070944.0
14141,1425912.8
14142,1809121.4
14143,2172077.2
14144,1575891.2
14145,4849741.0
14146,734461.0
14147,868556.3
14148,1429797.0
14149,3723609.5
14150,224230.06
14151,273504.28
14152,747285.9
14153,821899.1
14154,1241985.1
14155,1751215.2
14156,779356.4
14157,461663.12
14158,1324710.8
14159,761727.1
14160,378820.3
14161,451291.53
14162,1140841.2
14163,1194638.8
14164,324128.03
14165,600592.0
14166,914014.9
14167,1528664.5
14168,690885.94
14169,1841089.5
14170,482169.4
14171,1502083.1
14172,1313073.4
14173,798333.5
14174,514797.12
14175,875535.9
14176,717860.56
14177,525123.6
14178,1689920.0
14179,1009078.3
14180,533192.9
14181,1788387.9
14182,2205617.2
14183,3143664.5
14184,1422577.0
14185,63601.203
14186,379229.22
14187,512085.44
14188,3941392.2
14189,2022162.6
14190,1071913.5
14191,1098745.1
14192,1516684.4
14193,888952.3
14194,735203.56
14195,2307925.5
14196,510939.2
14197,997084.0
14198,1537406.8
14199,879470.06
14200,3049191.0
14201,1342744.2
14202,2325368.0
14203,2824070.5
14204,617339.2
14205,785455.2
14206,525286.9
14207,821181.3
14208,791927.75
14209,1932231.0
14210,170859.11
14211,61236.168
14212,244831.69
14213,623444.94
14214,315057.6
14215,1648246.9
14216,62156.14
14217,92069.64
14218,290039.12
14219,958298.94
14220,1795907.6
14221,867398.56
14222,862756.25
14223,2154619.8
14224,550722.5
14225,1288119.6
14226,1069947.1
14227,2184927.2
14228,343016.5
14229,1606015.5
14230,419093.22
14231,1597190.8
14232,959045.5
14233,648705.7
14234,897351.75
14235,903739.9
14236,426312.5
14237,1557207.4
14238,720797.4
14239,1688295.1
14240,858512.8
14241,412765.44
14242,328007.38
14243,1014455.25
14244,485483.7
14245,1093744.8
14246,863348.56
14247,2625189.5
14248,1696915.5
14249,1340662.8
14250,580865.06
14251,332507.12
14252,359686.03
14253,1029234.5
14254,528707.6
14255,997294.9
14256,1520752.2
14257,911989.25
14258,1625458.6
14259,1095308.5
14260,432953.9
14261,1636976.1
14262,909795.1
14263,1600433.2
14264,747633.8
14265,647847.4
14266,155018.67
14267,821193.0
14268,568202.5
14269,758611.75
14270,1170271.9
14271,2075952.0
14272,2028235.8
14273,2065418.2
14274,979182.56
14275,1423037.8
14276,1392031.1
14277,456540.75
14278,1247997.9
14279,1218212.8
14280,1565052.5
14281,5096519.0
14282,1287355.4
14283,2343462.0
14284,1551294.5
14285,1319637.9
14286,1055222.2
14287,732162.7
14288,2635142.2
14289,1581548.0
14290,1737682.8
14291,2218097.2
14292,1480157.0
14293,1322763.5
14294,1287363.0
14295,773653.25
14296,1101557.6
14297,2639100.0
14298,805419.06
14299,1435793.0
14300,664409.06
14301,665751.0
14302,1055223.9
14303,1782901.4
14304,2524300.0
14305,917662.56
14306,2174572.2
14307,2777215.5
14308,2884051.2
14309,816823.9
14310,1740515.0
14311,1078513.2
14312,1123312.4
14313,1171695.6
14314,2509157.8
14315,1663028.8
14316,758690.56
14317,629467.8
14318,604250.2
14319,2713025.2
14320,1784306.6
14321,838572.06
14322,1059968.1
14323,793676.25
14324,275136.25
14325,1754317.8
14326,1471655.6
14327,717733.25
14328,126962.11
14329,332630.8
14330,1371152.1
14331,1220237.9
14332,477180.47
14333,966840.5
14334,1510640.6
14335,1124868.8
14336,556397.44
14337,217840.67
14338,248979.89
14339,272026.28
14340,364344.16
14341,1692935.0
14342,522179.0
14343,547112.56
14344,817974.4
14345,347665.94
14346,121576.12
14347,575588.94
14348,487591.88
14349,1064135.0
14350,175988.92
14351,2189445.5
14352,596790.25
14353,772070.25
14354,378644.28
14355,1036168.44
14356,1399241.8
14357,686054.6
14358,436487.8
14359,1089246.1
14360,1618496.0
14361,1602135.4
14362,581324.3
14363,1637398.1
14364,1995292.9
14365,529096.7
14366,140012.42
14367,580211.25
14368,4027676.0
14369,757585.94
14370,1340662.8
14371,846008.3
14372,125016.195
14373,344410.34
14374,273674.4
14375,1774943.0
14376,478040.94
14377,3526508.8
14378,44128.902
14379,405340.72
14380,630030.1
14381,652064.7
14382,1404569.0
14383,1727555.9
14384,379504.47
14385,396602.97
14386,1666323.6
14387,583582.3
14388,2015603.2
14389,5053907.0
14390,1619097.2
14391,1357262.4
14392,92776.57
14393,2273429.2
14394,553038.75
14395,4425226.5
14396,2493822.2
14397,1019558.0
14398,330498.03
14399,427764.03
14400,341161.75
14401,1015748.8
14402,655776.7
14403,1048303.25
14404,2583205.8
14405,622459.0
14406,967716.56
14407,654045.2
14408,291254.56
14409,1058119.4
14410,319580.62
14411,1852895.5
14412,1207679.0
14413,2077234.4
14414,1302142.2
14415,1676293.1
14416,876163.4
14417,850489.1
14418,941692.3
14419,880894.3
14420,201147.6
14421,525208.06
14422,351460.03
14423,418889.78
14424,919121.94
14425,1039481.0
14426,1322462.8
14427,1130613.4
14428,946417.3
14429,887377.1
14430,1580616.2
14431,1950471.0
14432,1017167.56
14433,1612358.2
14434,1616168.8
14435,304985.06
14436,1399129.6
14437,1455308.1
14438,3134241.5
14439,312866.47
14440,2977168.5
14441,2223993.0
14442,2312627.5
14443,1298684.8
14444,3666981.2
14445,665041.5
14446,132044.67
14447,309797.38
14448,709518.75
14449,921528.9
14450,1486039.1
14451,1473460.1
14452,3348237.2
14453,630805.4
14454,191960.0
14455,99152.734
14456,804329.8
14457,921803.7
14458,382313.75
14459,352964.84
14460,563099.9
14461,528662.06
14462,1622649.8
14463,1225718.0
14464,492305.44
14465,3754177.0
14466,179588.36
14467,1464025.1
14468,979722.3
14469,1864803.0
14470,966737.2
14471,1476509.1
14472,1201994.2
14473,345282.22
14474,603972.7
14475,1280863.8
14476,274227.4
14477,1565700.5
14478,885708.4
14479,165215.86
14480,260822.05
14481,1602057.4
14482,903452.9
14483,406726.28
14484,3125343.0
14485,355580.9
14486,369301.47
14487,1229455.9
14488,1121570.1
14489,183239.1
14490,237272.53
14491,780005.7
14492,271008.7
14493,1510398.4
14494,2566243.8
14495,378737.78
14496,159780.56
14497,552075.06
14498,862869.7
14499,176184.55
14500,2623113.0
14501,1159037.8
14502,648705.7
14503,1049723.6
14504,318454.8
14505,847088.56
14506,1200641.8
14507,126015.18
14508,613770.6
14509,2187197.5
14510,913682.3
14511,2089578.8
14512,1696864.5
14513,2003028.0
14514,1027571.94
14515,773653.25
14516,783420.8
14517,1058742.1
14518,633636.3
14519,1514342.8
14520,159547.03
14521,537813.1
14522,1129193.6
14523,374144.78
14524,710154.1
14525,1030312.6
14526,1987022.9
14527,885677.6
14528,411113.16
14529,207631.61
14530,1288203.0
14531,699709.7
14532,951961.06
14533,363174.22
14534,518708.56
14535,1564138.1
14536,2159658.0
14537,460961.62
14538,761845.94
14539,427500.62
14540,648705.7
14541,800207.9
14542,972589.1
14543,344226.3
14544,315926.03
14545,635507.8
14546,793830.0
14547,2033552.9
14548,740646.4
14549,960976.1
14550,1937994.6
14551,204349.1
14552,931333.2
14553,523050.44
14554,3478968.8
14555,1728101.8
14556,2484395.8
14557,1044490.1
14558,814342.56
14559,708422.25
14560,249531.44
14561,465787.3
14562,472083.16
14563,652441.06
14564,621320.3
14565,55421.23
14566,412303.2
14567,2221565.8
14568,1615529.0
14569,344784.16
14570,1017222.06
14571,403523.78
14572,896371.94
14573,1161792.6
14574,1110047.9
14575,896034.5
14576,2589654.5
14577,1399036.9
14578,1112168.2
14579,647527.1
14580,2115544.0
14581,642270.3
14582,443960.94
14583,1218620.1
14584,165907.45
14585,1596728.5
14586,233603.22
14587,679556.3
14588,1606015.5
14589,647847.4
14590,730526.06
14591,1223609.5
14592,514393.28
14593,847798.4
14594,2576244.0
14595,852603.4
14596,375934.03
14597,725829.7
14598,304211.9
14599,1286756.0
14600,798319.75
14601,1341274.8
14602,397670.28
14603,941282.1
14604,1769078.5
14605,89075.49
14606,540979.94
14607,1362087.9
14608,387947.5
14609,966613.56
14610,615262.8
14611,1062965.6
14612,1697143.4
14613,1014941.94
14614,411096.97
14615,1329245.6
14616,604213.8
14617,566389.2
14618,1866287.5
14619,546151.6
14620,961774.75
14621,633786.3
14622,1662725.4
14623,760690.4
14624,1185752.4
14625,807946.56
14626,1212915.8
14627,579882.1
14628,187878.16
14629,2498066.8
14630,151706.27
14631,1765801.4
14632,551715.94
14633,2080529.5
14634,362045.0
14635,292852.1
14636,357504.53
14637,939938.4
14638,452702.8
14639,1476772.4
14640,1044513.9
14641,1596728.5
14642,732505.8
14643,1213183.8
14644,1997688.0
14645,431904.16
14646,312001.22
14647,1444882.6
14648,417420.22
14649,1231771.1
14650,1466205.1
14651,955099.3
14652,98855.64
14653,1654994.6
14654,2609090.8
14655,232697.75
14656,1303712.0
14657,1142444.2
14658,1120013.6
14659,211858.98
14660,119337.54
14661,2981536.2
14662,134526.34
14663,237597.36
14664,2593283.2
14665,308258.56
14666,551139.1
14667,413424.62
14668,1115428.1
14669,1132679.2
14670,1624208.2
14671,878304.44
14672,1184099.0
14673,1865326.4
14674,2264637.2
14675,849298.56
14676,2861065.2
14677,1492580.8
14678,1866107.0
14679,855807.5
14680,1272553.1
14681,743681.7
14682,515009.5
14683,1500240.4
14684,2323455.2
14685,1430236.2
14686,1486387.2
14687,2110294.8
14688,822186.25
14689,2299370.8
14690,364908.1
14691,457517.9
14692,220200.47
14693,630313.0
14694,760208.25
14695,341218.06
14696,355557.16
14697,717623.56
14698,643237.25
14699,1042349.2
14700,2335575.0
14701,620083.5
14702,1264358.6
14703,1331763.4
14704,1315790.9
14705,702296.94
14706,2006978.6
14707,941692.3
14708,386359.88
14709,1785700.6
14710,527324.44
14711,3446424.0
14712,426506.7
14713,1787845.9
14714,1007308.2
14715,166834.45
14716,432060.47
14717,1001772.94
14718,1871722.1
14719,733604.3
14720,1593831.5
14721,909640.44
14722,2181156.8
14723,1677146.1
14724,2812023.0
14725,1164414.2
14726,1087457.9
14727,971566.25
14728,547706.56
14729,1331763.4
14730,1278841.6
14731,1342129.9
14732,1279589.4
14733,804329.8
14734,1044398.75
14735,1545613.8
14736,628162.5
14737,2262733.2
14738,1003167.3
14739,1854068.2
14740,661110.44
14741,2198474.5
14742,1235929.0
14743,982871.25
14744,239920.62
14745,516339.7
14746,372248.3
14747,1064384.4
14748,781817.94
14749,610441.9
14750,801912.06
14751,83035.48
14752,402112.1
14753,1379700.9
14754,419757.47
14755,1967355.9
14756,1807755.8
14757,255297.73
14758,317542.12
14759,3449503.0
14760,1099980.1
14761,1533756.9
14762,351081.9
14763,2316430.5
14764,845876.5
14765,507480.22
14766,493470.56
14767,595508.1
14768,663049.75
14769,656608.2
14770,446838.16
14771,916811.75
14772,250831.55
14773,428817.1
14774,494020.25
14775,1541411.0
14776,402970.28
14777,91975.0
14778,1392000.9
14779,1708864.9
14780,2028790.8
14781,547112.56
14782,657950.8
14783,1936519.5
14784,1131443.2
14785,312316.53
14786,416487.75
14787,352552.3
14788,745507.2
14789,1064906.5
14790,1642754.2
14791,129154.98
14792,1793846.6
14793,2440823.8
14794,1407218.6
14795,847737.25
14796,1460684.8
14797,594818.94
14798,577820.5
14799,886268.3
14800,682105.75
14801,69872.21
14802,491850.66
14803,1478853.6
14804,561676.5
14805,174577.64
14806,941692.3
14807,1226973.2
14808,1351659.4
14809,650283.25
14810,1604884.5
14811,321046.47
14812,972304.4
14813,2619849.8
14814,2998565.8
14815,905003.9
14816,650283.25
14817,563877.1
14818,3851206.5
14819,1455286.2
14820,2865867.5
14821,640091.3
14822,656513.5
14823,439016.12
14824,178124.9
14825,386582.1
14826,1092595.5
14827,2927027.8
14828,1249961.2
14829,1013872.3
14830,861278.56
14831,1049848.2
14832,688450.06
14833,905374.3
14834,306859.34
14835,425747.3
14836,780005.7
14837,1158083.8
14838,1091867.2
14839,1333562.1
14840,1168332.2
14841,624159.0
14842,1422179.5
14843,975403.0
14844,776907.0
14845,1854187.8
14846,1520901.6
14847,1543699.8
14848,3920642.8
14849,669393.06
14850,1441857.9
14851,912145.75
14852,2239112.0
14853,715229.56
14854,1238132.6
14855,1490425.2
14856,349965.78
14857,832597.5
14858,779146.06
14859,551612.75
14860,427374.12
14861,1966097.9
14862,332787.66
14863,1320300.1
14864,788455.25
14865,317333.47
14866,720694.5
14867,1209213.0
14868,821722.25
14869,779054.0
14870,329974.97
14871,126065.03
14872,1468739.8
14873,1038784.4
14874,263870.0
14875,210918.1
14876,849833.75
14877,353173.34
14878,722962.56
14879,636413.44
14880,465390.66
14881,2034347.5
14882,712264.8
14883,193026.94
14884,248118.36
14885,246956.66
14886,870800.0
14887,2834767.5
14888,584991.75
14889,1581177.6
14890,591203.56
14891,1701956.9
14892,916854.7
14893,367150.8
14894,500799.2
14895,604725.6
14896,767734.75
14897,1045621.4
14898,653366.06
14899,927721.56
14900,511278.94
14901,219983.72
14902,370948.72
14903,1131821.0
14904,547112.56
14905,61448.484
14906,657721.2
14907,451405.25
14908,289288.56
14909,1231944.2
14910,1324714.5
14911,700309.4
14912,1508289.1
14913,952883.3
14914,1162847.8
14915,1221714.1
14916,298460.7
14917,435626.12
14918,648705.7
14919,380739.78
14920,406790.88
14921,637210.8
14922,2619542.8
14923,830817.56
14924,4215071.5
14925,1961344.2
14926,662314.7
14927,2509447.2
14928,46140.574
14929,1694950.5
14930,2573782.2
14931,543847.6
14932,1350600.5
14933,543311.75
14934,2057336.1
14935,116203.984
14936,632628.06
14937,692394.6
14938,1545413.8
14939,1695224.9
14940,953854.44
14941,1561669.9
14942,1439780.0
14943,1064135.0
14944,313642.94
14945,1853470.4
14946,561831.9
14947,340755.8
14948,480999.62
14949,802890.75
14950,458768.75
14951,1199640.9
14952,1079800.0
14953,2498500.2
14954,340740.84
14955,737658.2
14956,436815.5
14957,639529.75
14958,469560.44
14959,1809662.2
14960,1797120.5
14961,1445466.5
14962,1071812.9
14963,614958.1
14964,1476256.6
14965,1968722.2
14966,471535.22
14967,300819.1
14968,1461763.6
14969,235968.28
14970,345067.94
14971,1057056.5
14972,272358.4
14973,1368221.2
14974,895783.8
14975,1057413.8
14976,386444.9
14977,2408479.8
14978,1077381.4
14979,2738451.5
14980,1023458.8
14981,2656375.5
14982,1239667.8
14983,2034187.4
14984,1080340.5
14985,1076914.9
14986,386149.38
14987,428751.22
14988,318120.66
14989,4937684.5
14990,1576829.1
14991,312353.1
14992,1067726.1
14993,1817005.5
14994,794244.9
14995,910670.6
14996,998366.94
14997,1170330.1
14998,298727.1
14999,1491127.9
15000,2089036.0
15001,2040938.8
15002,246943.69
15003,1066280.5
15004,702121.3
15005,703660.2
15006,1831352.0
15007,883802.1
15008,387654.06
15009,783811.2
15010,360823.78
15011,1480020.6
15012,2165465.8
15013,425599.53
15014,362749.75
15015,100509.63
15016,765677.44
15017,345242.5
15018,977965.6
15019,3318325.2
15020,2064492.9
15021,1289054.0
15022,1714488.9
15023,493549.8
15024,1158626.2
15025,1871849.6
15026,604522.5
15027,95834.12
15028,1515602.6
15029,287819.2
15030,1259472.8
15031,2506330.0
15032,1168066.9
15033,330580.88
15034,1124902.2
15035,898806.25
15036,1992560.9
15037,1953856.2
15038,996975.0
15039,189666.81
15040,768039.06
15041,973510.8
15042,914338.6
15043,404023.47
15044,970149.7
15045,767157.2
15046,2732518.0
15047,197510.73
15048,846923.1
15049,400498.84
15050,1371273.8
15051,647906.7
15052,173407.4
15053,116403.15
15054,767671.44
15055,755935.25
15056,844871.94
15057,329783.94
15058,1154385.4
15059,554763.5
15060,468994.5
15061,126208.984
15062,461497.47
15063,566226.6
15064,1424429.9
15065,390031.25
15066,904235.56
15067,2424450.2
15068,823920.75
15069,1786162.9
15070,1422675.9
15071,2229636.0
15072,1464407.2
15073,2006978.6
15074,96526.06
15075,1544195.8
15076,2954566.5
15077,1335244.8
15078,2073940.0
15079,2471982.0
15080,269987.4
15081,374406.9
15082,4234397.5
15083,1996359.4
15084,1322684.4
15085,1505949.2
15086,772362.94
15087,202371.97
15088,1711940.8
15089,1100552.6
15090,901907.1
15091,437021.88
15092,1057092.2
15093,781817.94
15094,2669280.8
15095,439536.94
15096,1434378.2
15097,1168043.9
15098,664759.25
15099,935183.0
15100,526869.75
15101,457583.78
15102,463870.22
15103,633482.25
15104,1501724.2
15105,3957449.8
15106,1013026.44
15107,709594.94
15108,1404013.9
15109,1463214.5
15110,792603.2
15111,783446.94
15112,514964.66
15113,1097212.5
15114,763455.0
15115,638960.2
15116,1046467.94
15117,990949.5
15118,1104572.1
15119,1189883.5
15120,347750.38
15121,2576244.0
15122,1012994.8
15123,322744.47
15124,599305.0
15125,880629.94
15126,1031823.9
15127,1020655.94
15128,511127.34
15129,839463.9
15130,1410127.5
15131,994305.0
15132,834739.5
15133,1007767.2
15134,1171479.8
15135,702360.4
15136,759328.0
15137,816465.94
15138,1209832.6
15139,797762.3
15140,734404.56
15141,334617.6
15142,536938.6
15143,908099.94
15144,310886.72
15145,921684.1
15146,543125.5
15147,871761.4
15148,427517.47
15149,1755646.6
15150,1081229.1
15151,61715.062
15152,300678.06
15153,1989482.4
15154,491036.7
15155,516459.47
15156,829111.25
15157,322232.72
15158,3484348.5
15159,1095142.8
15160,787567.0
15161,997470.44
15162,2335464.2
15163,2479810.5
15164,610524.44
15165,2349226.5
15166,1417129.1
15167,394614.75
15168,1433916.0
15169,203512.14
15170,1606308.6
15171,607361.2
15172,556839.1
15173,368073.78
15174,368196.1
15175,123215.1
15176,417977.75
15177,666230.44
15178,763245.7
15179,859857.1
15180,1901730.1
15181,945395.56
15182,179658.38
15183,877981.3
15184,927721.56
15185,1751802.0
15186,228780.16
15187,263049.72
15188,1578984.8
15189,235594.02
15190,927721.56
15191,1728588.0
15192,1564896.8
15193,84625.04
15194,2157917.8
15195,721386.5
15196,392236.34
15197,742366.8
15198,1127817.1
15199,500313.5
15200,1223869.2
15201,912145.75
15202,1307725.0
15203,496704.47
15204,436132.62
15205,421797.97
15206,387321.1
15207,189438.72
15208,779270.4
15209,1642498.6
15210,954016.75
15211,126456.48
15212,2580314.0
15213,2072239.4
15214,4059079.2
15215,1064887.9
15216,595499.6
15217,1243499.4
15218,784979.0
15219,877427.44
15220,500685.47
15221,1012916.3
15222,471649.38
15223,1027999.1
15224,1242144.0
15225,670718.2
15226,1698346.1
15227,1324261.9
15228,732838.5
15229,405859.1
15230,545107.3
15231,2954881.2
15232,690188.7
15233,751205.9
15234,649708.44
15235,680235.75
15236,1203797.0
15237,801731.94
15238,1149185.8
15239,277229.75
15240,332442.0
15241,1422179.5
15242,1881270.2
15243,697765.4
15244,1455587.5
15245,700363.4
15246,1747931.8
15247,2928513.5
15248,391497.03
15249,516571.3
15250,612480.3
15251,328052.9
15252,818699.06
15253,926275.5
15254,2097327.0
15255,1342400.9
15256,227152.23
15257,105016.99
15258,997633.6
15259,3312186.8
15260,1510749.8
15261,1073924.6
15262,1106280.4
15263,591094.5
15264,358060.0
15265,599198.06
15266,3241537.8
15267,169890.14
15268,361063.03
15269,2328382.8
15270,298822.16
15271,1079800.0
15272,225960.67
15273,426373.06
15274,2049231.5
15275,1987715.5
15276,974150.25
15277,952276.9
15278,327135.88
15279,1826025.1
15280,648590.0
15281,1488029.4
15282,2116117.8
15283,246936.86
15284,1176535.1
15285,2048662.5
15286,2297750.2
15287,793366.75
15288,696816.56
15289,431440.03
15290,547112.56
15291,589027.94
15292,2788511.0
15293,1615266.8
15294,332697.1
15295,151755.31
15296,1964598.5
15297,4063614.0
15298,1877676.1
15299,712004.75
15300,810401.94
15301,4542205.5
15302,342329.06
15303,830452.25
15304,205431.36
15305,1918842.1
15306,755118.94
15307,1025427.25
15308,826503.5
15309,1889878.0
15310,1103748.6
15311,1572744.0
15312,218714.98
15313,485446.6
15314,557318.4
15315,2366045.2
15316,511297.22
15317,986187.8
15318,184111.53
15319,4822726.5
15320,215887.66
15321,369236.44
15322,552216.5
15323,1038036.7
15324,1856380.6
15325,349493.75
15326,649167.1
15327,486863.12
15328,1271957.6
15329,848103.6
15330,445779.56
15331,1056082.1
15332,1816693.6
15333,837305.75
15334,1787480.9
15335,339892.72
15336,2520073.5
15337,387724.38
15338,880044.3
15339,804682.6
15340,1113819.8
15341,854327.9
15342,620092.3
15343,514797.12
15344,1752749.8
15345,454833.6
15346,1483512.4
15347,916460.5
15348,1210869.5
15349,2917962.2
15350,2095147.2
15351,1928950.9
15352,2068605.9
15353,1130463.9
15354,2184714.5
15355,803504.5
15356,1034968.1
15357,1458736.6
15358,230921.6
15359,1306202.9
15360,344089.1
15361,1956234.8
15362,146946.02
15363,2813944.5
15364,376544.8
15365,470021.66
15366,439279.7
15367,1194350.8
15368,379158.88
15369,622442.6
15370,1222296.2
15371,2065284.5
15372,947956.8
15373,1262165.8
15374,665267.4
15375,1495380.5
15376,1832230.8
15377,1339541.9
15378,2562506.2
15379,433737.22
15380,455569.16
15381,1272152.5
15382,818108.56
15383,509998.5
15384,1652578.1
15385,1167035.5
15386,1793077.5
15387,979868.2
15388,1158407.0
15389,2159479.8
15390,154909.4
15391,2362729.5
15392,2781452.5
15393,988677.7
15394,338019.72
15395,2185210.0
15396,1903266.9
15397,2858659.8
15398,584931.9
15399,703660.2
15400,792945.06
15401,1988388.6
15402,243177.06
15403,2087575.8
15404,1023395.56
15405,1056082.1
15406,2235934.8
15407,1354517.9
15408,1149689.5
15409,658131.0
15410,2172952.2
15411,898931.6
15412,939135.7
15413,452501.7
15414,563650.3
15415,1701085.0
15416,1132837.2
15417,1273702.5
15418,397526.22
15419,2629178.8
15420,72606.6
15421,843336.4
15422,1408438.8
15423,800963.25
15424,771108.56
15425,94794.61
15426,788266.94
15427,1389475.6
15428,1210430.1
15429,1761415.4
15430,3086468.0
15431,253691.77
15432,215751.0
15433,983329.3
15434,368641.22
15435,2242161.2
15436,660335.8
15437,4586264.0
15438,817703.8
15439,865630.0
15440,2390342.5
15441,1064135.0
15442,756089.3
15443,737198.25
15444,442714.6
15445,695974.94
15446,401978.3
15447,860336.4
15448,1024721.1
15449,1811779.2
15450,1419839.8
15451,2622410.0
15452,1290129.5
15453,754726.5
15454,537959.94
15455,1277644.1
15456,1915836.9
15457,929576.7
15458,761014.8
15459,241916.56
15460,1511776.4
15461,456571.1
15462,4273967.5
15463,1623095.8
15464,3343731.8
15465,2805259.8
15466,197464.9
15467,283603.4
15468,564417.5
15469,470225.84
15470,547822.5
15471,563141.4
15472,656608.2
15473,1470736.8
15474,435078.88
15475,252785.81
15476,1642038.0
15477,2824551.2
15478,605055.9
15479,630313.0
15480,126065.03
15481,1209967.5
15482,317919.72
15483,888692.3
15484,690606.2
15485,575344.5
15486,366071.7
15487,1374679.5
15488,264317.97
15489,1586853.5
15490,514797.12
15491,1965154.2
15492,415262.16
15493,1894927.6
15494,1878675.5
15495,671197.2
15496,400323.25
15497,1451700.5
15498,270667.97
15499,1886265.5
15500,1690499.2
15501,574869.1
15502,788556.25
15503,255837.3
15504,319233.3
15505,648532.25
15506,1523452.9
15507,1186019.5
15508,139699.4
15509,1645760.2
15510,1605830.0
15511,843538.9
15512,569255.7
15513,209383.83
15514,656474.94
15515,900285.1
15516,244973.61
15517,790831.9
15518,2833909.0
15519,2286613.2
15520,194133.73
15521,533912.25
15522,1431300.4
15523,755457.75
15524,605955.4
15525,1501373.1
15526,674347.2
15527,818816.25
15528,523616.25
15529,454074.28
15530,639872.2
15531,235861.38
15532,2564089.2
15533,975645.7
15534,315454.84
15535,708553.2
15536,1303886.6
15537,1151814.0
15538,857852.5
15539,2187621.0
15540,275218.6
15541,1206211.1
15542,195755.11
15543,726193.3
15544,1223609.5
15545,327582.3
15546,883434.9
15547,1185754.4
15548,411057.72
15549,1082187.5
15550,442900.75
15551,884212.6
15552,719508.3
15553,616120.2
15554,1291367.5
15555,648705.7
15556,675548.06
15557,2462743.5
15558,1000048.4
15559,1151880.4
15560,621320.3
15561,1893522.5
15562,491103.38
15563,72237.26
15564,918672.06
15565,2630961.5
15566,792770.2
15567,1682714.1
15568,1134129.2
15569,703411.1
15570,2821833.8
15571,502474.84
15572,2103282.5
15573,1028193.2
15574,1353290.2
15575,3338729.0
15576,2490077.2
15577,1794972.1
15578,940447.8
15579,1607326.5
15580,2223073.2
15581,1599597.4
15582,1505042.9
15583,1773223.9
15584,335070.9
15585,191082.31
15586,279508.25
15587,1547701.5
15588,1666797.0
15589,1198382.8
15590,2475421.8
15591,692124.75
15592,1494598.6
15593,1840013.6
15594,2544789.8
15595,1548684.5
15596,218878.8
15597,619577.56
15598,335149.53
15599,192455.95
15600,698368.75
15601,237406.92
15602,2276476.5
15603,244763.27
15604,1011761.1
15605,2012424.9
15606,1950931.8
15607,809145.0
15608,652465.4
15609,2204606.5
15610,1000000.0
15611,343626.84
15612,699947.5
15613,1610454.0
15614,889627.56
15615,2053578.9
15616,199269.69
15617,732803.94
15618,4584404.5
15619,340020.06
15620,921617.8
15621,1388532.0
15622,908099.94
15623,889221.5
15624,395719.72
15625,1030421.7
15626,255953.77
15627,547112.56
15628,2250523.8
15629,333814.38
15630,1126693.5
15631,679469.44
15632,258643.11
15633,2997646.5
15634,485550.5
15635,504844.72
15636,2518764.8
15637,240454.67
15638,973625.8
15639,355377.16
15640,421721.88
15641,2697043.2
15642,1373790.2
15643,1411705.0
15644,237573.81
15645,1010275.7
15646,535003.2
15647,1853430.1
15648,781817.94
15649,2405468.5
15650,895132.2
15651,1778474.2
15652,1229437.0
15653,105016.99
15654,1953201.8
15655,1919700.1
15656,1713092.6
15657,1279943.8
15658,1424534.5
15659,921171.44
15660,1078316.5
15661,151843.4
15662,450136.3
15663,401544.25
15664,1344416.8
15665,956847.0
15666,2280981.5
15667,448929.2
15668,181481.53
15669,739785.25
15670,411996.5
15671,2710137.5
15672,712231.8
15673,786118.2
15674,2092433.9
15675,2973064.0
15676,392282.78
15677,790834.0
15678,133909.19
15679,1096148.5
15680,1294907.4
15681,1285401.0
15682,1282722.2
15683,824528.9
15684,376454.75
15685,2640187.8
15686,403927.2
15687,1015861.44
15688,2503808.8
15689,354140.6
15690,233668.5
15691,1750595.8
15692,2154619.8
15693,1140611.6
15694,654144.5
15695,1064384.4
15696,3351309.0
15697,948101.75
15698,929653.1
15699,1589715.9
15700,1354185.9
15701,400391.38
15702,337548.22
15703,3262214.2
15704,936519.75
15705,1387114.9
15706,694892.8
15707,2903452.5
15708,616809.1
15709,1839602.2
15710,308998.78
15711,914971.5
15712,486968.1
15713,418630.97
15714,911810.94
15715,630313.0
15716,2196545.8
15717,340555.84
15718,1456765.0
15719,343993.22
15720,862853.56
15721,3382575.2
15722,665720.25
15723,550211.75
15724,815528.5
15725,1422628.6
15726,189580.36
15727,2567811.0
15728,1627261.8
15729,453581.4
15730,1267233.6
15731,1154230.9
15732,577632.94
15733,2411481.0
15734,948035.3
15735,660323.9
15736,1603693.4
15737,2265349.8
15738,779354.06
15739,1229863.1
15740,401009.0
15741,214701.12
15742,484690.22
15743,937267.1
15744,633765.6
15745,1317725.8
15746,973587.9
15747,4219496.5
15748,1067394.4
15749,635507.8
15750,521706.16
15751,780124.7
15752,3075939.5
15753,279464.66
15754,1927535.2
15755,391765.2
15756,1580562.2
15757,1169941.6
15758,680274.0
15759,159625.67
15760,806681.2
15761,1342605.4
15762,723552.94
15763,1965114.2
15764,2199605.5
15765,1361737.5
15766,428843.38
15767,2044117.8
15768,310901.7
15769,1320364.9
15770,929210.3
15771,2735377.8
15772,2153308.2
15773,853824.8
15774,1500881.8
15775,1117456.2
15776,906990.7
15777,640294.4
15778,1094558.9
15779,1190035.0
15780,1085407.0
15781,4823875.0
15782,1405785.8
15783,4895278.0
15784,4109521.8
15785,835663.1
15786,1236445.1
15787,1423571.6
15788,919908.1
15789,2580314.0
15790,943599.06
15791,211483.16
15792,983492.7
15793,1479351.9
15794,1642500.2
15795,4867617.0
15796,5508443.5
15797,1125706.1
15798,93007.97
15799,409753.5
15800,866342.6
15801,525877.5
15802,699947.5
15803,836019.06
15804,1247328.9
15805,1424326.1
15806,80437.97
15807,259343.64
15808,1462078.1
15809,1078680.0
15810,752459.56
15811,948894.44
15812,2736799.8
15813,799362.9
15814,682069.94
15815,495741.44
15816,1468600.4
15817,702880.75
15818,820085.25
15819,375668.84
15820,539933.06
15821,374455.22
15822,628860.06
15823,1587244.5
15824,625994.2
15825,306547.47
15826,278167.6
15827,3793090.5
15828,3004091.5
15829,761152.7
15830,940291.6
15831,350999.06
15832,1009662.8
15833,1098333.8
15834,497703.12
15835,1321439.1
15836,517304.34
15837,3881373.0
15838,2997064.0
15839,373899.62
15840,1678598.8
15841,2252149.0
15842,1429172.2
15843,1210587.1
15844,1295489.0
15845,2380553.2
15846,2188064.0
15847,518140.22
15848,831697.2
15849,2239688.0
15850,554988.1
15851,469614.62
15852,340755.8
15853,1340662.8
15854,845377.5
15855,2532791.0
15856,1370247.2
15857,1026064.25
15858,229342.47
15859,194735.05
15860,1036168.44
15861,831965.7
15862,1632776.4
15863,1773577.0
15864,600319.3
15865,3755838.0
15866,2230118.0
15867,723636.8
15868,1404432.9
15869,777640.6
15870,108816.28
15871,803302.5
15872,1691357.5
15873,232558.0
15874,658217.75
15875,361006.0
15876,956869.1
15877,911180.2
15878,1613292.8
15879,1271686.4
15880,456734.38
15881,1719573.8
15882,569902.44
15883,426312.5
15884,3432390.2
15885,502227.06
15886,547112.56
15887,349396.56
15888,617069.25
15889,589540.7
15890,633786.3
15891,1632265.0
15892,631316.2
15893,1095391.9
15894,709007.56
15895,799362.9
15896,1000201.5
15897,386877.28
15898,785844.4
15899,2197147.2
15900,602423.44
15901,1261162.6
15902,192266.97
15903,921469.06
15904,616278.75
15905,609597.7
15906,851703.1
15907,2874561.0
15908,877981.3
15909,2716264.8
15910,2683319.2
15911,625063.8
15912,1704894.9
15913,1774929.5
15914,1955525.6
15915,997631.06
15916,562695.94
15917,1636714.6
15918,358306.4
15919,623839.56
15920,534682.8
15921,810232.25
15922,2670298.0
15923,666619.4
15924,952276.9
15925,1029295.75
15926,1465797.1
15927,633535.7
15928,932353.06
15929,568340.94
15930,1923266.1
15931,1005824.44
15932,1102173.0
15933,397566.97
15934,755524.06
15935,1199006.2
15936,374067.47
15937,332442.0
15938,616270.7
15939,3273003.8
15940,1347197.4
15941,1880021.1
15942,1212087.5
15943,623470.44
15944,115928.77
15945,389818.12
15946,1892691.0
15947,1598163.4
15948,986629.94
15949,671012.44
15950,984378.06
15951,562261.5
15952,2544978.0
15953,596700.7
15954,3313990.0
15955,1052839.4
15956,891139.0
15957,869173.94
15958,165128.02
15959,2145186.8
15960,992928.56
15961,1428930.1
15962,981309.0
15963,998642.9
15964,1570577.9
15965,1007573.1
15966,1241298.4
15967,82259.99
15968,897089.4
15969,789046.8
15970,213559.58
15971,2198562.2
15972,1041856.75
15973,764450.9
15974,448520.4
15975,1853278.1
15976,1473797.8
15977,1007746.75
15978,224925.56
15979,2356452.8
15980,990065.3
15981,797311.56
15982,530897.0
15983,1144112.6
15984,2213507.2
15985,657838.5
15986,2563862.5
15987,526638.7
15988,943685.5
15989,185953.86
15990,2121845.8
15991,111627.81
15992,1692935.0
15993,1208270.4
15994,516143.53
15995,1240440.8
15996,1509160.4
15997,856098.9
15998,1626687.4
15999,2221742.5
16000,414370.4
16001,2525670.2
16002,2005839.9
16003,915883.44
16004,1268701.1
16005,467974.4
16006,868988.44
16007,786152.1
16008,833764.5
16009,774435.3
16010,391883.16
16011,710618.06
16012,1152910.4
16013,283659.75
16014,1614618.8
16015,428130.25
16016,1770903.0
16017,1083521.9
16018,387981.5
16019,247469.12
16020,1855258.0
16021,2342294.2
16022,616148.1
16023,384945.44
16024,2257986.2
16025,927721.56
16026,535410.1
16027,334654.12
16028,2205383.0
16029,347867.47
16030,563649.8
16031,1109091.1
16032,1935463.2
16033,860937.7
16034,1058339.4
16035,384314.9
16036,1142804.6
16037,1462442.2
16038,216903.94
16039,1068538.1
16040,1751054.2
16041,1038464.06
16042,468369.7
16043,1732310.6
16044,2541196.5
16045,1854187.8
16046,1351162.9
16047,1200394.6
16048,514797.12
16049,3143534.2
16050,359024.47
16051,1574235.1
16052,1312124.2
16053,1120013.6
16054,605605.5
16055,1055058.6
16056,1782663.6
16057,909474.75
16058,1813059.4
16059,648908.94
16060,1705166.5
16061,1297298.4
16062,826722.06
16063,655242.75
16064,396625.12
16065,3456311.5
16066,809145.0
16067,658320.25
16068,343502.34
16069,261511.78
16070,698367.56
16071,1238330.9
16072,950884.2
16073,901058.0
16074,604426.06
16075,1276968.9
16076,325471.97
16077,1506407.0
16078,1486979.4
16079,158652.2
16080,421067.06
16081,2028776.6
16082,640807.5
16083,1286862.0
16084,2609090.8
16085,913556.44
16086,644243.0
16087,1056082.1
16088,1509458.2
16089,1690499.2
16090,1067977.4
16091,3853766.2
16092,436765.3
16093,1123179.8
16094,809145.0
16095,1891591.0
16096,2028776.6
16097,1901403.8
16098,1397048.9
16099,691730.8
16100,840003.56
16101,210918.1
16102,1375058.0
16103,728819.0
16104,859394.25
16105,482968.06
16106,307390.5
16107,682349.8
16108,790507.75
16109,1152674.6
16110,680083.5
16111,394608.8
16112,386045.53
16113,2074084.2
16114,165907.45
16115,198991.48
16116,783005.0
16117,1541962.4
16118,654633.94
16119,1013606.8
16120,1063526.1
16121,2009656.9
16122,1510083.4
16123,2083891.1
16124,662211.0
16125,322436.53
16126,809499.2
16127,718645.56
16128,2189541.8
16129,1901267.9
16130,1032208.8
16131,702257.75
16132,804426.75
16133,321242.06
16134,812295.56
16135,905562.25
16136,687846.4
16137,1807243.5
16138,672253.7
16139,1312215.1
16140,1830996.5
16141,1212480.9
16142,848053.0
16143,862011.4
16144,1085010.9
16145,1516008.8
16146,802320.9
16147,4910868.5
16148,384910.6
16149,2656443.5
16150,567574.8
16151,3202912.8
16152,1215321.9
16153,279271.66
16154,2527454.2
16155,1264033.0
16156,2357033.0
16157,2050670.4
16158,1375527.8
16159,943589.2
16160,419757.47
16161,569256.6
16162,1340610.8
16163,185674.64
16164,716204.06
16165,842331.1
16166,2519060.2
16167,1448695.0
16168,885585.8
16169,218677.4
16170,1374776.6
16171,526744.6
16172,1171695.6
16173,1664480.0
16174,2293929.0
16175,1123525.9
16176,2044690.8
16177,842703.06
16178,1189536.5
16179,573671.2
16180,1116650.5
16181,739419.44
16182,1612266.1
16183,275290.06
16184,227754.53
16185,1589148.6
16186,4734979.0
16187,314279.75
16188,1997485.8
16189,704056.1
16190,583075.1
16191,392264.66
16192,1206777.9
16193,657702.25
16194,843702.6
16195,626307.25
16196,1853363.9
16197,359686.03
16198,308309.56
16199,2116826.0
16200,569657.9
16201,712736.94
16202,890102.0
16203,516252.8
16204,673025.8
16205,213935.84
16206,1545613.8
16207,1184276.5
16208,1029982.56
16209,346582.22
16210,1009760.94
16211,923002.6
16212,1110468.0
16213,1697143.4
16214,252679.78
16215,1248635.9
16216,404281.5
16217,2804897.8
16218,588565.6
16219,480602.06
16220,175458.69
16221,1372898.4
16222,554653.3
16223,2527883.8
16224,407916.4
16225,814525.4
16226,4690817.5
16227,332689.6
16228,485386.25
16229,2046784.8
16230,1029490.0
16231,1099884.5
16232,173231.27
16233,884426.1
16234,801218.5
16235,299167.56
16236,1143741.5
16237,1751671.2
16238,1761145.8
16239,495482.53
16240,913379.44
16241,656608.2
16242,2154837.0
16243,2189541.8
16244,491093.94
16245,1176732.9
16246,680481.8
16247,1453635.0
16248,204846.0
16249,3436872.8
16250,774435.3
16251,741400.1
16252,411938.94
16253,1115657.1
16254,3719626.5
16255,1132837.2
16256,458778.75
16257,620092.3
16258,894982.06
16259,1062270.6
16260,525291.6
16261,2575994.0
16262,695031.3
16263,1757068.0
16264,1496016.8
16265,647847.4
16266,2554999.5
16267,839844.75
16268,3309296.0
16269,1026587.5
16270,2151282.8
16271,485678.2
16272,349805.5
16273,104982.69
16274,792726.56
16275,539112.25
16276,1239492.9
16277,394162.4
16278,1698760.0
16279,1026091.94
16280,801553.75
16281,727858.9
16282,1087203.8
16283,1044584.3
16284,3183323.5
16285,747322.3
16286,1153852.5
16287,950227.06
16288,2233054.5
16289,1332176.8
16290,740740.94
16291,544077.8
16292,327633.03
16293,2014085.4
16294,236481.52
16295,1058119.4
16296,226854.38
16297,588128.6
16298,1747931.8
16299,464387.66
16300,2006120.4
16301,616164.0
16302,1281206.4
16303,2182060.0
16304,1001533.7
16305,395478.47
16306,2819560.2
16307,1098418.5
16308,442344.9
16309,1453730.6
16310,1816999.0
16311,1332786.4
16312,631857.94
16313,1413907.0
16314,602458.56
16315,995668.3
16316,1418577.8
16317,364289.1
16318,1794458.0
16319,736438.4
16320,1290913.1
16321,337450.28
16322,532737.5
16323,1244612.8
16324,1558689.9
16325,804509.1
16326,376851.47
16327,1518908.9
16328,1318501.9
16329,605663.44
16330,1239084.5
16331,2367348.5
16332,4242467.0
16333,1205735.4
16334,906990.7
16335,1693550.4
16336,537454.0
16337,1853887.1
16338,487207.44
16339,1169941.6
16340,168966.3
16341,1707455.6
16342,553431.44
16343,2378306.5
16344,659715.8
16345,4165809.8
16346,343160.9
16347,2198846.0
16348,872553.06
16349,999265.2
16350,282372.12
16351,820699.9
16352,544747.5
16353,721385.0
16354,1017256.3
16355,981077.94
16356,3053456.5
16357,175355.08
16358,1117944.9
16359,1548846.6
16360,2316891.5
16361,1669659.5
16362,244271.12
16363,266985.62
16364,253060.05
16365,374144.78
16366,1821017.0
16367,1206847.9
16368,1691819.8
16369,1204078.8
16370,1707547.6
16371,1456361.9
16372,2786033.0
16373,386951.03
16374,283736.66
16375,381106.4
16376,1368643.6
16377,1635309.8
16378,1645631.0
16379,2820449.8
16380,331377.9
16381,322556.7
16382,1573802.8
16383,572921.5
16384,3249513.0
16385,2049751.6
16386,1665271.9
16387,1110604.2
16388,305340.3
16389,1016225.56
16390,1503002.1
16391,391857.12
16392,2058361.1
16393,3335584.2
16394,1431117.8
16395,2136192.0
16396,2550186.5
16397,1066109.6
16398,585169.6
16399,247316.47
16400,2465576.8
16401,617675.8
16402,956138.3
16403,313270.6
16404,378442.7
16405,666526.0
16406,255807.44
16407,1026391.5
16408,1102117.6
16409,3109010.5
16410,575366.3
16411,2480084.8
16412,154909.4
16413,2199858.5
16414,1124411.5
16415,242961.03
16416,752983.0
16417,4342408.0
16418,1038386.4
16419,956131.06
16420,1513091.4
16421,1412320.4
16422,1285897.2
16423,725829.7
16424,1040140.7
16425,76432.65
16426,762238.44
16427,663901.0
16428,807539.5
16429,1387855.5
16430,215954.02
16431,1399003.0
16432,795964.6
16433,677942.94
16434,828365.56
16435,2610739.0
16436,1094443.2
16437,1828422.6
16438,1463591.6
16439,986150.7
16440,97996.45
16441,431659.3
16442,120542.72
16443,797173.75
16444,649168.0
16445,224820.95
16446,250217.56
16447,265859.06
16448,777861.1
16449,952276.9
16450,739192.25
16451,1025977.7
16452,562410.94
16453,430774.03
16454,408617.47
16455,1546274.4
16456,837527.94
16457,376392.7
16458,299373.34
16459,1516303.8
16460,160333.39
16461,1360715.8
16462,368030.88
16463,1271798.4
16464,956203.6
16465,122505.52
16466,869863.3
16467,1674272.8
16468,4705824.0
16469,273848.56
16470,2695291.2
16471,373858.8
16472,78340.96
16473,1036168.44
16474,732964.1
16475,746114.06
16476,463575.62
16477,1579099.2
16478,1049270.9
16479,1844774.1
16480,1040298.8
16481,2154455.2
16482,541847.7
16483,427405.1
16484,743348.75
16485,721271.75
16486,405340.72
16487,248814.0
16488,669474.56
16489,859857.1
16490,725339.8
16491,1487257.9
16492,3120536.0
16493,657356.06
16494,1823040.6
16495,383211.56
16496,1033788.2
16497,800763.7
16498,334176.5
16499,595318.8
16500,469810.2
16501,1399003.0
16502,803621.0
16503,1360316.6
16504,170978.3
16505,283627.66
16506,391358.94
16507,1115646.8
16508,691221.75
16509,952276.9
16510,442900.75
16511,276224.1
16512,1711303.8
16513,2326678.8
16514,903875.2
16515,1215501.1
16516,848880.5
16517,625277.3
16518,772757.0
16519,578553.0
16520,287302.9
16521,1043508.2
16522,1329269.6
16523,1556493.1
16524,300300.47
16525,1311325.1
16526,1911071.8
16527,1145081.9
16528,498183.25
16529,861278.1
16530,698216.94
16531,1010519.1
16532,526862.1
16533,458142.84
16534,1640797.4
16535,1097894.6
16536,1528098.6
16537,1023598.7
16538,573861.6
16539,1741253.4
16540,1468286.0
16541,3365670.0
16542,1717061.9
16543,898449.1
16544,485845.9
16545,852115.75
16546,997272.9
16547,2117073.5
16548,1039282.4
16549,816946.3
16550,1275159.9
16551,3441853.8
16552,1595076.9
16553,605583.94
16554,374129.12
16555,1019220.4
16556,1005980.9
16557,514797.12
16558,513161.1
16559,310925.5
16560,825712.0
16561,190198.47
16562,618286.75
16563,958444.1
16564,3287859.0
16565,1319964.0
16566,797660.3
16567,820699.9
16568,1117161.2
16569,2071405.5
16570,881353.1
16571,1024192.44
16572,413057.22
16573,1690499.2
16574,1706209.5
16575,136595.4
16576,390329.5
16577,2290240.5
16578,268968.8
16579,1469193.8
16580,278692.03
16581,273966.53
16582,373427.7
16583,116006.49
16584,2240799.0
16585,1739326.2
16586,2062739.1
16587,320099.25
16588,997209.1
16589,1091087.0
16590,1263533.4
16591,1118898.9
16592,1974916.6
16593,721183.94
16594,1314872.1
16595,423007.84
16596,489335.25
16597,1386031.0
16598,2012470.2
16599,1363713.5
16600,1080760.4
16601,1179081.9
16602,859985.9
16603,734087.9
16604,1681785.9
16605,478160.38
16606,2365195.5
16607,98855.64
16608,1003973.0
16609,2840824.8
16610,2069399.4
16611,735483.56
16612,280048.16
16613,343160.9
16614,993233.75
16615,550050.44
